face_id,datetime,question,name,prob,eye_contact
0,2021-06-22 21:47:01:859918,1,neutral,0.71,blink
0,2021-06-22 21:47:01:991145,1,neutral,0.75,center
0,2021-06-22 21:47:02:090877,1,neutral,0.52,center
0,2021-06-22 21:47:02:197043,1,neutral,0.81,center
0,2021-06-22 21:47:02:298775,1,neutral,0.79,center
0,2021-06-22 21:47:02:396508,1,neutral,0.86,center
0,2021-06-22 21:47:02:489261,1,neutral,0.75,center
0,2021-06-22 21:47:03:000228,1,neutral,0.63,blink
0,2021-06-22 21:47:03:285781,1,neutral,0.76,blink
0,2021-06-22 21:47:03:400475,1,neutral,0.77,blink
0,2021-06-22 21:47:03:705397,1,neutral,0.74,blink
0,2021-06-22 21:47:03:799839,1,neutral,0.65,blink
0,2021-06-22 21:47:03:900009,1,neutral,0.68,blink
0,2021-06-22 21:47:03:993756,1,neutral,0.64,left
0,2021-06-22 21:47:04:104483,1,neutral,0.72,left
0,2021-06-22 21:47:04:204510,1,neutral,0.44,blink
0,2021-06-22 21:47:04:295776,1,neutral,0.59,left
0,2021-06-22 21:47:04:395509,1,neutral,0.46,blink
0,2021-06-22 21:47:04:502818,1,neutral,0.57,blink
0,2021-06-22 21:47:04:599559,1,neutral,0.66,blink
0,2021-06-22 21:47:04:800942,1,neutral,0.47,blink
0,2021-06-22 21:47:05:000408,1,neutral,0.48,left
0,2021-06-22 21:47:05:092164,1,neutral,0.57,left
0,2021-06-22 21:47:05:413272,1,neutral,0.5,blink
0,2021-06-22 21:47:05:491100,1,neutral,0.4,blink
0,2021-06-22 21:47:05:593789,1,neutral,0.56,blink
0,2021-06-22 21:47:05:896373,1,neutral,0.54,center
0,2021-06-22 21:47:06:111167,1,neutral,0.45,center
0,2021-06-22 21:47:06:202934,1,neutral,0.62,center
0,2021-06-22 21:47:06:423871,1,neutral,0.54,blink
0,2021-06-22 21:47:06:509677,1,neutral,0.56,blink
0,2021-06-22 21:47:06:601394,1,neutral,0.52,center
0,2021-06-22 21:47:06:696141,1,neutral,0.59,center
0,2021-06-22 21:47:06:818229,1,neutral,0.57,center
0,2021-06-22 21:47:06:906611,1,neutral,0.52,center
0,2021-06-22 21:47:07:004541,1,neutral,0.5,blink
0,2021-06-22 21:47:07:094301,1,neutral,0.53,blink
0,2021-06-22 21:47:07:205596,1,neutral,0.41,blink
0,2021-06-22 21:47:07:298338,1,neutral,0.69,center
0,2021-06-22 21:47:07:397074,1,neutral,0.52,center
0,2021-06-22 21:47:07:493816,1,sad,0.34,center
0,2021-06-22 21:47:07:601499,1,neutral,0.47,blink
0,2021-06-22 21:47:07:705249,1,neutral,0.61,blink
0,2021-06-22 21:47:07:796010,1,sad,0.34,center
0,2021-06-22 21:47:07:902687,1,neutral,0.48,
0,2021-06-22 21:47:08:006802,1,neutral,0.49,
0,2021-06-22 21:47:08:103543,1,neutral,0.54,
0,2021-06-22 21:47:08:201876,1,neutral,0.44,
0,2021-06-22 21:47:08:293734,1,neutral,0.58,
0,2021-06-22 21:47:08:405992,1,neutral,0.7,
0,2021-06-22 21:47:08:509713,1,neutral,0.69,center
0,2021-06-22 21:47:08:599872,1,neutral,0.6,center
0,2021-06-22 21:47:08:691622,1,neutral,0.68,center
0,2021-06-22 21:47:08:807312,1,neutral,0.64,left
0,2021-06-22 21:47:08:901065,1,neutral,0.59,left
0,2021-06-22 21:47:08:996809,1,neutral,0.8,center
0,2021-06-22 21:47:09:095542,1,neutral,0.89,center
0,2021-06-22 21:47:09:204251,1,neutral,0.83,center
0,2021-06-22 21:47:09:305945,1,neutral,0.83,center
0,2021-06-22 21:47:09:400695,1,neutral,0.81,center
0,2021-06-22 21:47:09:505441,1,neutral,0.85,center
0,2021-06-22 21:47:09:605178,1,neutral,0.84,center
0,2021-06-22 21:47:09:699173,1,neutral,0.88,center
0,2021-06-22 21:47:09:792921,1,neutral,0.79,center
0,2021-06-22 21:47:09:912106,1,neutral,0.84,center
0,2021-06-22 21:47:10:006407,1,neutral,0.9,center
0,2021-06-22 21:47:10:105176,1,neutral,0.91,center
0,2021-06-22 21:47:10:196931,1,neutral,0.94,center
0,2021-06-22 21:47:10:408489,1,neutral,0.97,center
0,2021-06-22 21:47:10:501243,1,neutral,0.91,center
0,2021-06-22 21:47:10:596985,1,neutral,0.87,center
0,2021-06-22 21:47:11:009890,1,neutral,0.93,center
0,2021-06-22 21:47:11:228661,1,neutral,0.92,center
0,2021-06-22 21:47:11:308625,1,neutral,0.94,center
0,2021-06-22 21:47:11:394675,1,neutral,0.9,center
0,2021-06-22 21:47:11:511084,1,neutral,0.95,center
0,2021-06-22 21:47:11:604865,1,neutral,0.97,center
0,2021-06-22 21:47:11:704599,1,neutral,0.98,center
0,2021-06-22 21:47:11:801342,1,neutral,0.98,center
0,2021-06-22 21:47:11:906060,1,neutral,0.98,center
0,2021-06-22 21:47:12:007788,1,neutral,0.99,center
0,2021-06-22 21:47:12:104496,1,neutral,0.99,center
0,2021-06-22 21:47:12:212208,1,neutral,0.96,center
0,2021-06-22 21:47:12:315929,1,neutral,0.98,center
0,2021-06-22 21:47:12:409712,1,neutral,0.96,center
0,2021-06-22 21:47:12:500470,1,neutral,0.95,center
0,2021-06-22 21:47:12:612172,1,neutral,0.98,center
0,2021-06-22 21:47:12:709456,1,neutral,0.98,center
0,2021-06-22 21:47:12:805997,1,neutral,0.96,center
0,2021-06-22 21:47:12:907724,1,neutral,0.95,center
0,2021-06-22 21:47:13:021003,1,neutral,0.97,center
0,2021-06-22 21:47:13:110761,1,neutral,0.96,center
0,2021-06-22 21:47:13:212489,1,neutral,0.83,center
0,2021-06-22 21:47:13:305277,1,neutral,0.84,center
0,2021-06-22 21:47:13:413984,1,neutral,0.87,center
0,2021-06-22 21:47:13:513717,1,neutral,0.88,center
0,2021-06-22 21:47:13:607466,1,neutral,0.87,center
0,2021-06-22 21:47:13:704210,1,neutral,0.86,center
0,2021-06-22 21:47:13:810921,1,neutral,0.8,center
0,2021-06-22 21:47:13:910655,1,neutral,0.86,center
0,2021-06-22 21:47:14:011039,1,neutral,0.79,center
0,2021-06-22 21:47:14:103789,1,neutral,0.86,center
0,2021-06-22 21:47:14:219479,1,neutral,0.86,center
0,2021-06-22 21:47:14:308180,1,neutral,0.85,center
0,2021-06-22 21:47:14:408170,1,neutral,0.87,center
0,2021-06-22 21:47:14:507291,1,neutral,0.82,blink
0,2021-06-22 21:47:14:616381,1,neutral,0.84,center
0,2021-06-22 21:47:14:709140,1,neutral,0.7,center
0,2021-06-22 21:47:14:811889,1,neutral,0.88,center
0,2021-06-22 21:47:14:905631,1,neutral,0.78,center
0,2021-06-22 21:47:15:015316,1,happy,0.55,center
0,2021-06-22 21:47:15:115035,1,happy,0.68,center
0,2021-06-22 21:47:15:204088,1,happy,0.45,center
0,2021-06-22 21:47:15:318163,1,happy,0.49,center
0,2021-06-22 21:47:15:419497,1,happy,0.6,center
0,2021-06-22 21:47:15:512761,1,happy,0.72,center
0,2021-06-22 21:47:15:606593,1,happy,0.65,blink
0,2021-06-22 21:47:15:720371,1,happy,0.77,center
0,2021-06-22 21:47:15:818479,1,happy,0.67,blink
0,2021-06-22 21:47:15:911194,1,happy,0.8,blink
0,2021-06-22 21:47:16:011468,1,happy,0.73,center
0,2021-06-22 21:47:16:116195,1,happy,0.66,center
0,2021-06-22 21:47:16:218612,1,happy,0.73,blink
0,2021-06-22 21:47:16:309758,1,happy,0.74,blink
0,2021-06-22 21:47:16:408037,1,happy,0.8,center
0,2021-06-22 21:47:16:515275,1,happy,0.78,blink
0,2021-06-22 21:47:16:613517,1,happy,0.69,blink
0,2021-06-22 21:47:16:713933,1,happy,0.79,blink
0,2021-06-22 21:47:16:811031,1,happy,0.85,blink
0,2021-06-22 21:47:16:917730,1,happy,0.8,blink
0,2021-06-22 21:47:17:016465,1,happy,0.87,blink
0,2021-06-22 21:47:17:111217,1,happy,0.81,blink
0,2021-06-22 21:47:17:207965,1,happy,0.82,blink
0,2021-06-22 21:47:17:315665,1,happy,0.86,blink
0,2021-06-22 21:47:17:414381,1,happy,0.61,center
0,2021-06-22 21:47:17:511157,1,happy,0.57,center
0,2021-06-22 21:47:17:614850,1,neutral,0.57,center
0,2021-06-22 21:47:17:720598,1,neutral,0.62,center
0,2021-06-22 21:47:17:813987,1,happy,0.5,center
0,2021-06-22 21:47:17:912757,1,happy,0.49,center
0,2021-06-22 21:47:18:005877,1,neutral,0.38,center
0,2021-06-22 21:47:18:114095,1,fear,0.3,center
0,2021-06-22 21:47:18:216400,1,happy,0.48,center
0,2021-06-22 21:47:18:313143,1,neutral,0.38,center
0,2021-06-22 21:47:18:425805,1,neutral,0.3,center
0,2021-06-22 21:47:18:516110,1,happy,0.3,center
0,2021-06-22 21:47:18:622821,1,neutral,0.46,center
0,2021-06-22 21:47:18:712550,1,neutral,0.43,center
0,2021-06-22 21:47:18:823284,1,neutral,0.51,center
0,2021-06-22 21:47:18:924019,1,happy,0.48,center
0,2021-06-22 21:47:19:014805,1,neutral,0.47,center
0,2021-06-22 21:47:19:111518,1,happy,0.53,center
0,2021-06-22 21:47:19:223471,1,happy,0.63,center
0,2021-06-22 21:47:19:320465,1,happy,0.67,left
0,2021-06-22 21:47:19:419205,1,happy,0.66,left
0,2021-06-22 21:47:19:514911,1,happy,0.52,center
0,2021-06-22 21:47:19:630601,1,happy,0.8,left
0,2021-06-22 21:47:19:718403,1,happy,0.83,center
0,2021-06-22 21:47:19:821126,1,happy,0.84,blink
0,2021-06-22 21:47:19:907892,1,happy,0.82,blink
0,2021-06-22 21:47:20:027572,1,happy,0.7,blink
0,2021-06-22 21:47:20:119326,1,happy,0.7,blink
0,2021-06-22 21:47:20:216455,1,happy,0.73,blink
0,2021-06-22 21:47:20:318182,1,happy,0.82,blink
0,2021-06-22 21:47:20:422483,1,happy,0.86,blink
0,2021-06-22 21:47:20:519720,1,happy,0.84,left
0,2021-06-22 21:47:20:619456,1,happy,0.69,left
0,2021-06-22 21:47:20:720608,1,happy,0.45,blink
0,2021-06-22 21:47:20:823334,1,neutral,0.5,blink
0,2021-06-22 21:47:20:921071,1,neutral,0.5,blink
0,2021-06-22 21:47:21:017809,1,happy,0.61,blink
0,2021-06-22 21:47:21:125542,1,neutral,0.55,center
0,2021-06-22 21:47:21:225219,1,neutral,0.57,center
0,2021-06-22 21:47:21:322172,1,neutral,0.74,center
0,2021-06-22 21:47:21:415442,1,neutral,0.47,center
0,2021-06-22 21:47:21:528519,1,neutral,0.54,center
0,2021-06-22 21:47:21:634610,1,neutral,0.65,center
0,2021-06-22 21:47:21:724876,1,neutral,0.7,center
0,2021-06-22 21:47:21:817628,1,neutral,0.67,center
0,2021-06-22 21:47:21:927335,1,neutral,0.44,center
0,2021-06-22 21:47:22:025113,1,neutral,0.6,center
0,2021-06-22 21:47:22:124853,1,happy,0.53,center
0,2021-06-22 21:47:22:220563,1,happy,0.59,center
0,2021-06-22 21:47:22:331301,1,happy,0.5,center
0,2021-06-22 21:47:22:425050,1,happy,0.58,center
0,2021-06-22 21:47:22:518799,1,neutral,0.46,center
0,2021-06-22 21:47:22:620530,1,happy,0.44,center
0,2021-06-22 21:47:22:724250,1,happy,0.47,center
0,2021-06-22 21:47:22:823983,1,neutral,0.48,center
0,2021-06-22 21:47:22:919695,1,happy,0.44,center
0,2021-06-22 21:47:23:017431,1,happy,0.54,center
0,2021-06-22 21:47:23:130163,1,happy,0.64,center
0,2021-06-22 21:47:23:227906,1,happy,0.55,center
0,2021-06-22 21:47:23:319079,1,happy,0.63,center
0,2021-06-22 21:47:23:420804,1,happy,0.66,center
0,2021-06-22 21:47:23:524525,1,happy,0.61,left
0,2021-06-22 21:47:23:624267,1,happy,0.67,blink
0,2021-06-22 21:47:23:718008,1,happy,0.62,center
0,2021-06-22 21:47:23:820700,1,happy,0.8,center
0,2021-06-22 21:47:23:944594,1,happy,0.72,center
0,2021-06-22 21:47:24:024380,1,happy,0.87,blink
0,2021-06-22 21:47:24:127180,1,happy,0.58,blink
0,2021-06-22 21:47:24:238951,1,neutral,0.72,blink
0,2021-06-22 21:47:24:326750,1,neutral,0.75,left
0,2021-06-22 21:47:24:423498,1,neutral,0.65,left
0,2021-06-22 21:47:24:523228,1,neutral,0.72,left
0,2021-06-22 21:47:24:633319,1,neutral,0.75,left
0,2021-06-22 21:47:24:732017,1,neutral,0.66,left
0,2021-06-22 21:47:24:824803,1,neutral,0.63,blink
0,2021-06-22 21:47:24:920880,1,neutral,0.47,left
0,2021-06-22 21:47:25:029590,1,happy,0.45,left
0,2021-06-22 21:47:25:131316,1,happy,0.59,blink
0,2021-06-22 21:47:25:225066,1,neutral,0.4,center
0,2021-06-22 21:47:25:538441,1,happy,0.46,left
0,2021-06-22 21:47:25:635208,1,happy,0.71,blink
0,2021-06-22 21:47:25:718509,1,happy,0.64,left
0,2021-06-22 21:47:25:936601,1,happy,0.5,blink
0,2021-06-22 21:47:26:264333,1,happy,0.58,left
0,2021-06-22 21:47:26:341916,1,neutral,0.49,center
0,2021-06-22 21:47:26:428660,1,neutral,0.61,center
0,2021-06-22 21:47:26:523681,1,neutral,0.68,center
0,2021-06-22 21:47:26:732526,1,neutral,0.87,center
0,2021-06-22 21:47:26:828670,1,neutral,0.85,center
0,2021-06-22 21:47:26:936362,1,neutral,0.85,center
0,2021-06-22 21:47:27:034109,1,neutral,0.85,center
0,2021-06-22 21:47:27:131851,1,neutral,0.81,center
0,2021-06-22 21:47:27:229553,1,neutral,0.81,center
0,2021-06-22 21:47:27:336672,1,neutral,0.67,center
0,2021-06-22 21:47:27:436442,1,neutral,0.77,center
0,2021-06-22 21:47:27:533146,1,neutral,0.82,center
0,2021-06-22 21:47:27:632879,1,neutral,0.77,blink
0,2021-06-22 21:47:27:735604,1,neutral,0.92,center
0,2021-06-22 21:47:27:833343,1,neutral,0.94,center
0,2021-06-22 21:47:27:934074,1,neutral,0.88,center
0,2021-06-22 21:47:28:024831,1,neutral,0.86,center
0,2021-06-22 21:47:28:137529,1,neutral,0.88,center
0,2021-06-22 21:47:28:233272,1,neutral,0.88,center
0,2021-06-22 21:47:28:333006,1,neutral,0.83,center
0,2021-06-22 21:47:28:425758,1,neutral,0.87,center
0,2021-06-22 21:47:28:538456,1,neutral,0.81,center
0,2021-06-22 21:47:28:634200,1,neutral,0.87,center
0,2021-06-22 21:47:28:731939,1,neutral,0.95,center
0,2021-06-22 21:47:28:826685,1,neutral,0.82,center
0,2021-06-22 21:47:28:938386,1,neutral,0.77,center
0,2021-06-22 21:47:29:034130,1,neutral,0.86,center
0,2021-06-22 21:47:29:138850,1,neutral,0.84,center
0,2021-06-22 21:47:29:227865,1,neutral,0.8,center
0,2021-06-22 21:47:29:348540,1,neutral,0.75,center
0,2021-06-22 21:47:29:434311,1,neutral,0.85,center
0,2021-06-22 21:47:29:548045,1,neutral,0.78,center
0,2021-06-22 21:47:29:631783,1,neutral,0.82,center
0,2021-06-22 21:47:29:741883,1,neutral,0.86,center
0,2021-06-22 21:47:29:834634,1,neutral,0.82,center
0,2021-06-22 21:47:29:938330,1,neutral,0.88,left
0,2021-06-22 21:47:30:051028,1,neutral,0.78,center
0,2021-06-22 21:47:30:137083,1,neutral,0.83,center
0,2021-06-22 21:47:30:235781,1,neutral,0.78,center
0,2021-06-22 21:47:30:328848,1,neutral,0.89,center
0,2021-06-22 21:47:30:445043,1,neutral,0.85,center
0,2021-06-22 21:47:30:542783,1,neutral,0.9,center
0,2021-06-22 21:47:30:637537,1,neutral,0.94,center
0,2021-06-22 21:47:30:736708,1,neutral,0.92,center
0,2021-06-22 21:47:30:842458,1,neutral,0.96,center
0,2021-06-22 21:47:30:938204,1,neutral,0.93,center
0,2021-06-22 21:47:31:031958,1,neutral,0.87,center
0,2021-06-22 21:47:31:128693,1,neutral,0.93,center
0,2021-06-22 21:47:31:243900,1,neutral,0.93,center
0,2021-06-22 21:47:31:343753,1,neutral,0.9,center
0,2021-06-22 21:47:31:433547,1,neutral,0.85,center
0,2021-06-22 21:47:31:535665,1,neutral,0.82,center
0,2021-06-22 21:47:31:642412,1,neutral,0.82,center
0,2021-06-22 21:47:31:739155,1,neutral,0.84,center
0,2021-06-22 21:47:31:836307,1,neutral,0.85,center
0,2021-06-22 21:47:31:932055,1,neutral,0.76,center
0,2021-06-22 21:47:32:041725,1,neutral,0.79,center
0,2021-06-22 21:47:32:138499,1,neutral,0.79,center
0,2021-06-22 21:47:32:234243,1,neutral,0.86,center
0,2021-06-22 21:47:32:333983,1,neutral,0.82,center
0,2021-06-22 21:47:32:445643,1,neutral,0.83,center
0,2021-06-22 21:47:32:545377,1,neutral,0.76,center
0,2021-06-22 21:47:32:635137,1,neutral,0.85,center
0,2021-06-22 21:47:32:749428,1,neutral,0.85,center
0,2021-06-22 21:47:32:846176,1,neutral,0.87,center
0,2021-06-22 21:47:32:937891,1,neutral,0.89,center
0,2021-06-22 21:47:33:043718,1,neutral,0.86,center
0,2021-06-22 21:47:33:148059,1,neutral,0.89,center
0,2021-06-22 21:47:33:246790,1,neutral,0.82,center
0,2021-06-22 21:47:33:341506,1,neutral,0.91,center
0,2021-06-22 21:47:33:437286,1,neutral,0.87,center
0,2021-06-22 21:47:33:544995,1,neutral,0.82,center
0,2021-06-22 21:47:33:647686,1,neutral,0.74,center
0,2021-06-22 21:47:33:735450,1,neutral,0.51,center
0,2021-06-22 21:47:33:837212,1,neutral,0.55,center
0,2021-06-22 21:47:34:057625,1,happy,0.5,center
0,2021-06-22 21:47:34:136414,1,happy,0.58,center
0,2021-06-22 21:47:34:214203,1,happy,0.53,center
0,2021-06-22 21:47:34:291961,1,happy,0.78,left
0,2021-06-22 21:47:34:367795,1,happy,0.92,center
0,2021-06-22 21:47:34:452044,1,happy,0.89,center
0,2021-06-22 21:47:34:538488,1,happy,0.87,center
0,2021-06-22 21:47:34:639182,1,happy,0.91,center
0,2021-06-22 21:47:34:746434,1,happy,0.89,center
0,2021-06-22 21:47:34:846135,1,happy,0.91,blink
0,2021-06-22 21:47:34:939882,1,happy,0.9,blink
0,2021-06-22 21:47:35:032669,1,happy,0.91,blink
0,2021-06-22 21:47:35:151351,1,happy,0.9,blink
0,2021-06-22 21:47:35:249093,1,happy,0.92,blink
0,2021-06-22 21:47:35:339851,1,happy,0.89,blink
0,2021-06-22 21:47:35:441575,1,happy,0.91,blink
0,2021-06-22 21:47:35:548256,1,happy,0.86,blink
0,2021-06-22 21:47:35:643038,1,happy,0.85,blink
0,2021-06-22 21:47:35:740775,1,happy,0.89,blink
0,2021-06-22 21:47:35:849450,1,happy,0.91,blink
0,2021-06-22 21:47:35:951190,1,happy,0.89,blink
0,2021-06-22 21:47:36:042965,1,happy,0.93,blink
0,2021-06-22 21:47:36:138709,1,happy,0.84,blink
0,2021-06-22 21:47:36:253370,1,happy,0.83,blink
0,2021-06-22 21:47:36:361593,1,happy,0.84,blink
0,2021-06-22 21:47:36:464781,1,happy,0.82,blink
0,2021-06-22 21:47:36:557567,1,happy,0.84,blink
0,2021-06-22 21:47:36:731644,2,happy,0.82,blink
0,2021-06-22 21:47:36:814052,2,happy,0.78,blink
0,2021-06-22 21:47:36:903359,2,happy,0.57,blink
0,2021-06-22 21:47:36:990091,2,neutral,0.55,center
0,2021-06-22 21:47:37:080442,2,neutral,0.65,center
0,2021-06-22 21:47:37:169246,2,neutral,0.92,center
0,2021-06-22 21:47:37:263984,2,neutral,0.86,center
0,2021-06-22 21:47:37:352750,2,neutral,0.92,center
0,2021-06-22 21:47:37:465449,2,neutral,0.89,center
0,2021-06-22 21:47:37:555173,2,neutral,0.95,center
0,2021-06-22 21:47:37:651913,2,neutral,0.94,center
0,2021-06-22 21:47:37:743711,2,neutral,0.96,center
0,2021-06-22 21:47:37:861352,2,neutral,0.95,center
0,2021-06-22 21:47:37:955102,2,neutral,0.95,center
0,2021-06-22 21:47:38:048852,2,neutral,0.96,center
0,2021-06-22 21:47:38:146145,2,neutral,0.87,center
0,2021-06-22 21:47:38:258800,2,neutral,0.9,center
0,2021-06-22 21:47:38:360528,2,neutral,0.91,center
0,2021-06-22 21:47:38:452331,2,neutral,0.91,center
0,2021-06-22 21:47:38:574117,2,neutral,0.89,center
0,2021-06-22 21:47:38:671890,2,neutral,0.85,center
0,2021-06-22 21:47:38:772235,2,neutral,0.86,center
0,2021-06-22 21:47:38:856031,2,neutral,0.89,center
0,2021-06-22 21:47:38:961693,2,neutral,0.82,center
0,2021-06-22 21:47:39:066438,2,neutral,0.69,center
0,2021-06-22 21:47:39:154179,2,neutral,0.6,center
0,2021-06-22 21:47:39:250954,2,neutral,0.52,center
0,2021-06-22 21:47:39:354677,2,neutral,0.68,center
0,2021-06-22 21:47:39:462355,2,neutral,0.68,center
0,2021-06-22 21:47:39:552115,2,neutral,0.58,center
0,2021-06-22 21:47:39:648347,2,neutral,0.65,center
0,2021-06-22 21:47:39:756045,2,neutral,0.74,center
0,2021-06-22 21:47:39:854933,2,neutral,0.86,center
0,2021-06-22 21:47:39:947716,2,neutral,0.89,center
0,2021-06-22 21:47:40:049924,2,neutral,0.82,center
0,2021-06-22 21:47:40:152688,2,neutral,0.87,center
0,2021-06-22 21:47:40:256372,2,neutral,0.86,blink
0,2021-06-22 21:47:40:350323,2,neutral,0.94,center
0,2021-06-22 21:47:40:447091,2,neutral,0.85,center
0,2021-06-22 21:47:40:552818,2,neutral,0.82,center
0,2021-06-22 21:47:40:654551,2,neutral,0.69,center
0,2021-06-22 21:47:40:751325,2,neutral,0.59,left
0,2021-06-22 21:47:40:850064,2,neutral,0.46,left
0,2021-06-22 21:47:40:958772,2,neutral,0.52,left
0,2021-06-22 21:47:41:054994,2,neutral,0.57,blink
0,2021-06-22 21:47:41:145713,2,neutral,0.5,blink
0,2021-06-22 21:47:41:247033,2,neutral,0.39,blink
0,2021-06-22 21:47:41:362060,2,neutral,0.49,blink
0,2021-06-22 21:47:41:455808,2,neutral,0.36,blink
0,2021-06-22 21:47:41:549620,2,angry,0.41,blink
0,2021-06-22 21:47:41:665828,2,angry,0.35,blink
0,2021-06-22 21:47:41:755275,2,angry,0.35,blink
0,2021-06-22 21:47:41:851979,2,sad,0.34,blink
0,2021-06-22 21:47:41:947757,2,neutral,0.35,blink
0,2021-06-22 21:47:42:060845,2,sad,0.38,center
0,2021-06-22 21:47:42:155624,2,angry,0.5,blink
0,2021-06-22 21:47:42:251368,2,sad,0.38,blink
0,2021-06-22 21:47:42:353099,2,angry,0.44,blink
0,2021-06-22 21:47:42:464769,2,angry,0.38,blink
0,2021-06-22 21:47:42:557521,2,sad,0.31,blink
0,2021-06-22 21:47:42:659251,2,angry,0.37,blink
0,2021-06-22 21:47:42:752041,2,sad,0.38,blink
0,2021-06-22 21:47:42:860743,2,sad,0.39,blink
0,2021-06-22 21:47:42:956479,2,angry,0.38,center
0,2021-06-22 21:47:43:056728,2,angry,0.42,blink
0,2021-06-22 21:47:43:152510,2,angry,0.51,blink
0,2021-06-22 21:47:43:258186,2,angry,0.54,center
0,2021-06-22 21:47:43:354943,2,angry,0.45,center
0,2021-06-22 21:47:43:454693,2,angry,0.4,center
0,2021-06-22 21:47:43:545454,2,sad,0.4,blink
0,2021-06-22 21:47:43:658116,2,neutral,0.38,blink
0,2021-06-22 21:47:43:756886,2,neutral,0.39,center
0,2021-06-22 21:47:43:851631,2,neutral,0.75,center
0,2021-06-22 21:47:43:952365,2,neutral,0.75,center
0,2021-06-22 21:47:44:056051,2,neutral,0.74,center
0,2021-06-22 21:47:44:160809,2,neutral,0.82,center
0,2021-06-22 21:47:44:251527,2,neutral,0.69,center
0,2021-06-22 21:47:44:363262,2,neutral,0.84,center
0,2021-06-22 21:47:44:462001,2,neutral,0.74,center
0,2021-06-22 21:47:44:553752,2,neutral,0.63,center
0,2021-06-22 21:47:44:650497,2,neutral,0.64,center
0,2021-06-22 21:47:44:765189,2,neutral,0.54,center
0,2021-06-22 21:47:44:861930,2,neutral,0.74,center
0,2021-06-22 21:47:44:968970,2,neutral,0.68,center
0,2021-06-22 21:47:45:050789,2,neutral,0.76,center
0,2021-06-22 21:47:45:162492,2,neutral,0.73,blink
0,2021-06-22 21:47:45:263221,2,neutral,0.8,center
0,2021-06-22 21:47:45:356479,2,neutral,0.8,center
0,2021-06-22 21:47:45:461508,2,neutral,0.75,center
0,2021-06-22 21:47:45:574208,2,neutral,0.78,center
0,2021-06-22 21:47:45:659976,2,neutral,0.68,center
0,2021-06-22 21:47:45:756103,2,neutral,0.61,blink
0,2021-06-22 21:47:45:855876,2,neutral,0.51,center
0,2021-06-22 21:47:45:963074,2,neutral,0.53,center
0,2021-06-22 21:47:46:060779,2,neutral,0.57,center
0,2021-06-22 21:47:46:153567,2,neutral,0.54,center
0,2021-06-22 21:47:46:251308,2,neutral,0.55,left
0,2021-06-22 21:47:46:367822,2,neutral,0.5,left
0,2021-06-22 21:47:46:461112,2,neutral,0.61,left
0,2021-06-22 21:47:46:552904,2,neutral,0.49,center
0,2021-06-22 21:47:46:652640,2,neutral,0.68,blink
0,2021-06-22 21:47:46:765695,2,neutral,0.67,center
0,2021-06-22 21:47:46:860104,2,neutral,0.72,blink
0,2021-06-22 21:47:46:956842,2,neutral,0.72,left
0,2021-06-22 21:47:47:053572,2,neutral,0.61,left
0,2021-06-22 21:47:47:163258,2,neutral,0.53,center
0,2021-06-22 21:47:47:262000,2,neutral,0.75,center
0,2021-06-22 21:47:47:357262,2,neutral,0.81,blink
0,2021-06-22 21:47:47:470913,2,neutral,0.68,blink
0,2021-06-22 21:47:47:563695,2,neutral,0.67,blink
0,2021-06-22 21:47:47:657451,2,neutral,0.69,left
0,2021-06-22 21:47:47:755153,2,neutral,0.65,center
0,2021-06-22 21:47:47:867274,2,neutral,0.8,left
0,2021-06-22 21:47:47:964022,2,neutral,0.82,left
0,2021-06-22 21:47:48:061706,2,neutral,0.77,center
0,2021-06-22 21:47:48:153917,2,neutral,0.75,center
0,2021-06-22 21:47:48:274643,2,neutral,0.76,blink
0,2021-06-22 21:47:48:363357,2,neutral,0.66,blink
0,2021-06-22 21:47:48:459077,2,neutral,0.67,center
0,2021-06-22 21:47:48:555836,2,neutral,0.74,center
0,2021-06-22 21:47:48:670045,2,neutral,0.76,center
0,2021-06-22 21:47:48:764309,2,neutral,0.75,center
0,2021-06-22 21:47:48:860052,2,neutral,0.73,center
0,2021-06-22 21:47:48:957788,2,neutral,0.81,center
0,2021-06-22 21:47:49:068493,2,neutral,0.84,center
0,2021-06-22 21:47:49:169184,2,neutral,0.57,blink
0,2021-06-22 21:47:49:262969,2,neutral,0.59,blink
0,2021-06-22 21:47:49:357721,2,neutral,0.62,center
0,2021-06-22 21:47:49:475428,2,neutral,0.67,left
0,2021-06-22 21:47:49:566326,2,neutral,0.61,center
0,2021-06-22 21:47:49:663069,2,neutral,0.77,blink
0,2021-06-22 21:47:49:757776,2,neutral,0.9,blink
0,2021-06-22 21:47:49:870508,2,neutral,0.87,blink
0,2021-06-22 21:47:49:965259,2,neutral,0.93,center
0,2021-06-22 21:47:50:062027,2,neutral,0.8,center
0,2021-06-22 21:47:50:168711,2,neutral,0.94,center
0,2021-06-22 21:47:50:276390,2,neutral,0.84,center
0,2021-06-22 21:47:50:365151,2,neutral,0.82,center
0,2021-06-22 21:47:50:461927,2,neutral,0.8,center
0,2021-06-22 21:47:50:571637,2,neutral,0.77,center
0,2021-06-22 21:47:50:666379,2,neutral,0.91,center
0,2021-06-22 21:47:50:763121,2,neutral,0.91,center
0,2021-06-22 21:47:50:861857,2,neutral,0.92,center
0,2021-06-22 21:47:50:971568,2,neutral,0.94,center
0,2021-06-22 21:47:51:074404,2,neutral,0.91,center
0,2021-06-22 21:47:51:167041,2,neutral,0.88,center
0,2021-06-22 21:47:51:262784,2,neutral,0.85,center
0,2021-06-22 21:47:51:371273,2,neutral,0.87,center
0,2021-06-22 21:47:51:467018,2,neutral,0.91,center
0,2021-06-22 21:47:51:569971,2,neutral,0.9,center
0,2021-06-22 21:47:51:658508,2,neutral,0.87,center
0,2021-06-22 21:47:51:793134,2,neutral,0.84,center
0,2021-06-22 21:47:51:876885,2,neutral,0.87,center
0,2021-06-22 21:47:51:964685,2,neutral,0.9,center
0,2021-06-22 21:47:52:062429,2,neutral,0.87,center
0,2021-06-22 21:47:52:170473,2,neutral,0.74,blink
0,2021-06-22 21:47:52:268249,2,neutral,0.82,blink
0,2021-06-22 21:47:52:363993,2,neutral,0.86,blink
0,2021-06-22 21:47:52:462725,2,neutral,0.79,blink
0,2021-06-22 21:47:52:574430,2,neutral,0.72,blink
0,2021-06-22 21:47:52:666184,2,neutral,0.83,blink
0,2021-06-22 21:47:52:765913,2,neutral,0.72,blink
0,2021-06-22 21:47:52:861661,2,neutral,0.85,blink
0,2021-06-22 21:47:52:972767,2,neutral,0.86,blink
0,2021-06-22 21:47:53:069498,2,neutral,0.48,blink
0,2021-06-22 21:47:53:162226,2,neutral,0.4,blink
0,2021-06-22 21:47:53:271970,2,neutral,0.52,blink
0,2021-06-22 21:47:53:378648,2,neutral,0.39,blink
0,2021-06-22 21:47:53:465414,2,angry,0.32,blink
0,2021-06-22 21:47:53:568178,2,angry,0.52,blink
0,2021-06-22 21:47:53:675934,2,angry,0.61,blink
0,2021-06-22 21:47:53:774626,2,angry,0.4,blink
0,2021-06-22 21:47:53:870371,2,angry,0.58,blink
0,2021-06-22 21:47:53:964420,2,angry,0.56,blink
0,2021-06-22 21:47:54:078108,2,angry,0.72,blink
0,2021-06-22 21:47:54:177408,2,angry,0.64,blink
0,2021-06-22 21:47:54:285557,2,angry,0.59,blink
0,2021-06-22 21:47:54:364347,2,angry,0.54,blink
0,2021-06-22 21:47:54:472025,2,angry,0.58,blink
0,2021-06-22 21:47:54:569763,2,angry,0.48,blink
0,2021-06-22 21:47:54:667546,2,angry,0.42,blink
0,2021-06-22 21:47:54:764276,2,angry,0.62,blink
0,2021-06-22 21:47:54:875977,2,angry,0.7,blink
0,2021-06-22 21:47:54:978129,2,angry,0.6,blink
0,2021-06-22 21:47:55:066468,2,angry,0.64,blink
0,2021-06-22 21:47:55:162217,2,angry,0.56,blink
0,2021-06-22 21:47:55:279168,2,angry,0.54,blink
0,2021-06-22 21:47:55:372919,2,angry,0.43,blink
0,2021-06-22 21:47:55:468657,2,angry,0.38,blink
0,2021-06-22 21:47:55:573379,2,neutral,0.44,blink
0,2021-06-22 21:47:55:676106,2,neutral,0.44,left
0,2021-06-22 21:47:55:772840,2,neutral,0.43,blink
0,2021-06-22 21:47:55:867590,2,neutral,0.45,center
0,2021-06-22 21:47:55:977297,2,neutral,0.38,blink
0,2021-06-22 21:47:56:077032,2,neutral,0.39,blink
0,2021-06-22 21:47:56:168748,2,neutral,0.35,left
0,2021-06-22 21:47:56:265522,2,neutral,0.35,center
0,2021-06-22 21:47:56:377071,2,neutral,0.39,center
0,2021-06-22 21:47:56:474800,2,fear,0.29,center
0,2021-06-22 21:47:56:576884,2,neutral,0.38,center
0,2021-06-22 21:47:56:667644,2,neutral,0.34,center
0,2021-06-22 21:47:56:779342,2,neutral,0.51,center
0,2021-06-22 21:47:56:880287,2,neutral,0.51,center
0,2021-06-22 21:47:56:975349,2,neutral,0.51,center
0,2021-06-22 21:47:57:069063,2,neutral,0.41,center
0,2021-06-22 21:47:57:177192,2,neutral,0.37,center
0,2021-06-22 21:47:57:280881,2,neutral,0.44,center
0,2021-06-22 21:47:57:372644,2,neutral,0.44,center
0,2021-06-22 21:47:57:468388,2,sad,0.32,center
0,2021-06-22 21:47:57:581120,2,fear,0.38,center
0,2021-06-22 21:47:57:680818,2,fear,0.37,center
0,2021-06-22 21:47:57:774607,2,fear,0.36,center
0,2021-06-22 21:47:57:870346,2,fear,0.43,center
0,2021-06-22 21:47:57:976063,2,fear,0.48,center
0,2021-06-22 21:47:58:078788,2,fear,0.48,center
0,2021-06-22 21:47:58:182502,2,fear,0.49,center
0,2021-06-22 21:47:58:270276,2,fear,0.36,center
0,2021-06-22 21:47:58:377987,2,fear,0.5,center
0,2021-06-22 21:47:58:484119,2,fear,0.35,center
0,2021-06-22 21:47:58:574886,2,fear,0.32,center
0,2021-06-22 21:47:58:669881,2,neutral,0.38,center
0,2021-06-22 21:47:58:787571,2,fear,0.52,center
0,2021-06-22 21:47:58:882279,2,fear,0.32,center
0,2021-06-22 21:47:58:973035,2,neutral,0.33,center
0,2021-06-22 21:47:59:084736,2,fear,0.4,center
0,2021-06-22 21:47:59:184470,2,neutral,0.37,center
0,2021-06-22 21:47:59:274263,2,fear,0.37,center
0,2021-06-22 21:47:59:371005,2,neutral,0.39,center
0,2021-06-22 21:47:59:480716,2,fear,0.4,center
0,2021-06-22 21:47:59:579446,2,neutral,0.51,center
0,2021-06-22 21:47:59:682138,2,neutral,0.4,center
0,2021-06-22 21:47:59:774924,2,fear,0.51,center
0,2021-06-22 21:47:59:884598,2,fear,0.45,center
0,2021-06-22 21:47:59:981371,2,fear,0.38,center
0,2021-06-22 21:48:00:089050,2,fear,0.51,center
0,2021-06-22 21:48:00:181801,2,fear,0.44,left
0,2021-06-22 21:48:00:289514,2,fear,0.41,center
0,2021-06-22 21:48:00:384260,2,fear,0.44,center
0,2021-06-22 21:48:00:482996,2,neutral,0.37,center
0,2021-06-22 21:48:00:587717,2,neutral,0.32,blink
0,2021-06-22 21:48:00:685488,2,neutral,0.36,blink
0,2021-06-22 21:48:00:786184,2,fear,0.32,blink
0,2021-06-22 21:48:00:875981,2,neutral,0.38,center
0,2021-06-22 21:48:00:973716,2,fear,0.37,center
0,2021-06-22 21:48:01:081428,2,fear,0.46,center
0,2021-06-22 21:48:01:183156,2,fear,0.49,left
0,2021-06-22 21:48:01:276905,2,fear,0.45,center
0,2021-06-22 21:48:01:373612,2,fear,0.53,left
0,2021-06-22 21:48:01:484317,2,fear,0.46,center
0,2021-06-22 21:48:01:583466,2,fear,0.39,center
0,2021-06-22 21:48:01:681176,2,fear,0.48,center
0,2021-06-22 21:48:01:790517,2,fear,0.36,center
0,2021-06-22 21:48:01:886249,2,fear,0.31,center
0,2021-06-22 21:48:01:982994,2,fear,0.33,center
0,2021-06-22 21:48:02:082730,2,fear,0.42,center
0,2021-06-22 21:48:02:187441,2,fear,0.35,center
0,2021-06-22 21:48:02:287521,2,fear,0.35,center
0,2021-06-22 21:48:02:384831,2,fear,0.36,center
0,2021-06-22 21:48:02:475588,2,fear,0.34,center
0,2021-06-22 21:48:02:588287,2,neutral,0.43,blink
0,2021-06-22 21:48:02:685028,2,neutral,0.4,blink
0,2021-06-22 21:48:02:786754,2,neutral,0.6,center
0,2021-06-22 21:48:02:875518,2,neutral,0.4,blink
0,2021-06-22 21:48:02:988607,2,neutral,0.51,blink
0,2021-06-22 21:48:03:086401,2,neutral,0.56,left
0,2021-06-22 21:48:03:184499,2,fear,0.45,left
0,2021-06-22 21:48:03:276288,2,fear,0.48,left
0,2021-06-22 21:48:03:388988,2,fear,0.47,left
0,2021-06-22 21:48:03:488231,2,fear,0.5,left
0,2021-06-22 21:48:03:588998,2,fear,0.44,left
0,2021-06-22 21:48:03:676764,2,surprise,0.55,left
0,2021-06-22 21:48:03:785471,2,surprise,0.58,left
0,2021-06-22 21:48:03:884171,2,surprise,0.44,left
0,2021-06-22 21:48:03:977959,2,surprise,0.62,left
0,2021-06-22 21:48:04:087661,2,surprise,0.5,left
0,2021-06-22 21:48:04:186417,2,surprise,0.64,left
0,2021-06-22 21:48:04:286147,2,surprise,0.63,left
0,2021-06-22 21:48:04:388706,2,surprise,0.58,left
0,2021-06-22 21:48:04:476510,2,surprise,0.57,left
0,2021-06-22 21:48:04:584228,2,surprise,0.63,left
0,2021-06-22 21:48:04:686952,2,surprise,0.45,left
0,2021-06-22 21:48:04:791672,2,surprise,0.68,left
0,2021-06-22 21:48:04:898038,2,surprise,0.65,left
0,2021-06-22 21:48:04:987149,2,surprise,0.63,left
0,2021-06-22 21:48:05:082926,2,surprise,0.64,left
0,2021-06-22 21:48:05:187007,2,surprise,0.69,left
0,2021-06-22 21:48:05:289400,2,surprise,0.5,left
0,2021-06-22 21:48:05:389134,2,surprise,0.65,left
0,2021-06-22 21:48:05:488864,2,surprise,0.6,left
0,2021-06-22 21:48:05:584465,2,surprise,0.63,left
0,2021-06-22 21:48:05:690395,2,fear,0.41,left
0,2021-06-22 21:48:05:790145,2,fear,0.35,left
0,2021-06-22 21:48:05:882409,2,surprise,0.45,center
0,2021-06-22 21:48:05:985136,2,surprise,0.45,center
0,2021-06-22 21:48:06:090789,2,surprise,0.47,center
0,2021-06-22 21:48:06:195976,2,surprise,0.45,center
0,2021-06-22 21:48:06:285736,2,surprise,0.63,center
0,2021-06-22 21:48:06:383508,2,surprise,0.64,center
0,2021-06-22 21:48:06:491223,2,surprise,0.62,center
0,2021-06-22 21:48:06:585321,2,fear,0.35,center
0,2021-06-22 21:48:06:687084,2,fear,0.42,blink
0,2021-06-22 21:48:06:784787,2,surprise,0.47,center
0,2021-06-22 21:48:06:890748,2,surprise,0.48,center
0,2021-06-22 21:48:06:991939,2,surprise,0.55,center
0,2021-06-22 21:48:07:085688,2,surprise,0.72,center
0,2021-06-22 21:48:07:310122,2,surprise,0.55,center
0,2021-06-22 21:48:07:391902,2,surprise,0.78,center
0,2021-06-22 21:48:07:483657,2,surprise,0.72,center
0,2021-06-22 21:48:07:580397,2,surprise,0.67,center
0,2021-06-22 21:48:07:703295,2,surprise,0.6,center
0,2021-06-22 21:48:07:789065,2,surprise,0.58,center
0,2021-06-22 21:48:07:884810,2,surprise,0.57,center
0,2021-06-22 21:48:07:999924,2,surprise,0.55,center
0,2021-06-22 21:48:08:101651,2,fear,0.41,
0,2021-06-22 21:48:08:196422,2,fear,0.47,left
0,2021-06-22 21:48:08:288196,2,fear,0.47,left
0,2021-06-22 21:48:08:400852,2,fear,0.47,left
0,2021-06-22 21:48:08:601315,2,surprise,0.46,left
0,2021-06-22 21:48:08:688084,2,surprise,0.62,left
0,2021-06-22 21:48:08:777842,2,surprise,0.47,left
0,2021-06-22 21:48:08:874583,2,surprise,0.49,left
0,2021-06-22 21:48:08:981297,2,surprise,0.53,left
0,2021-06-22 21:48:09:079036,2,surprise,0.6,left
0,2021-06-22 21:48:09:169793,2,surprise,0.54,left
0,2021-06-22 21:48:09:255563,2,surprise,0.56,left
0,2021-06-22 21:48:09:349312,2,surprise,0.55,left
0,2021-06-22 21:48:09:440070,2,surprise,0.5,left
0,2021-06-22 21:48:09:542795,2,fear,0.34,left
0,2021-06-22 21:48:09:632555,2,fear,0.39,left
0,2021-06-22 21:48:09:720357,2,neutral,0.51,left
0,2021-06-22 21:48:09:814615,2,neutral,0.42,center
0,2021-06-22 21:48:09:903886,2,neutral,0.55,center
0,2021-06-22 21:48:10:016583,2,fear,0.37,center
0,2021-06-22 21:48:10:103352,2,neutral,0.31,center
0,2021-06-22 21:48:10:189159,2,neutral,0.37,center
0,2021-06-22 21:48:10:288893,2,fear,0.34,center
0,2021-06-22 21:48:10:418140,2,neutral,0.33,center
0,2021-06-22 21:48:10:508348,2,neutral,0.38,center
0,2021-06-22 21:48:10:588134,2,neutral,0.64,center
0,2021-06-22 21:48:10:700872,2,neutral,0.55,center
0,2021-06-22 21:48:10:802562,2,neutral,0.6,blink
0,2021-06-22 21:48:10:896310,2,neutral,0.61,left
0,2021-06-22 21:48:10:993085,2,neutral,0.61,blink
0,2021-06-22 21:48:11:111767,2,neutral,0.74,blink
0,2021-06-22 21:48:11:197503,2,neutral,0.81,left
0,2021-06-22 21:48:11:296240,2,neutral,0.72,left
0,2021-06-22 21:48:11:388991,2,neutral,0.68,blink
0,2021-06-22 21:48:11:502956,2,neutral,0.76,blink
0,2021-06-22 21:48:11:603961,2,neutral,0.71,blink
0,2021-06-22 21:48:11:691725,2,neutral,0.83,blink
0,2021-06-22 21:48:11:794450,2,neutral,0.61,blink
0,2021-06-22 21:48:11:901165,2,neutral,0.78,blink
0,2021-06-22 21:48:11:998872,2,neutral,0.86,blink
0,2021-06-22 21:48:12:098603,2,neutral,0.91,blink
0,2021-06-22 21:48:12:190396,2,neutral,0.93,blink
0,2021-06-22 21:48:12:304053,2,neutral,0.97,blink
0,2021-06-22 21:48:12:416149,2,neutral,0.95,blink
0,2021-06-22 21:48:12:591679,3,neutral,0.91,blink
0,2021-06-22 21:48:12:683434,3,neutral,0.94,blink
0,2021-06-22 21:48:12:772198,3,neutral,0.92,blink
0,2021-06-22 21:48:12:861957,3,neutral,0.9,blink
0,2021-06-22 21:48:12:953711,3,neutral,0.91,blink
0,2021-06-22 21:48:13:045466,3,neutral,0.93,blink
0,2021-06-22 21:48:13:137221,3,neutral,0.93,center
0,2021-06-22 21:48:13:240943,3,neutral,0.93,left
0,2021-06-22 21:48:13:342671,3,neutral,0.94,center
0,2021-06-22 21:48:13:441407,3,neutral,0.94,left
0,2021-06-22 21:48:13:556099,3,neutral,0.96,center
0,2021-06-22 21:48:13:663812,3,neutral,0.91,center
0,2021-06-22 21:48:13:766570,3,neutral,0.93,center
0,2021-06-22 21:48:13:867268,3,neutral,0.93,center
0,2021-06-22 21:48:13:968996,3,neutral,0.88,center
0,2021-06-22 21:48:14:066734,3,neutral,0.94,center
0,2021-06-22 21:48:14:165469,3,neutral,0.93,center
0,2021-06-22 21:48:14:253234,3,neutral,0.95,center
0,2021-06-22 21:48:14:348979,3,neutral,0.91,center
0,2021-06-22 21:48:14:455692,3,neutral,0.92,center
0,2021-06-22 21:48:14:556424,3,neutral,0.86,center
0,2021-06-22 21:48:14:657153,3,neutral,0.69,center
0,2021-06-22 21:48:14:757884,3,happy,0.4,center
0,2021-06-22 21:48:14:863600,3,happy,0.51,left
0,2021-06-22 21:48:14:967324,3,happy,0.75,blink
0,2021-06-22 21:48:15:075036,3,happy,0.68,left
0,2021-06-22 21:48:15:183744,3,happy,0.87,blink
0,2021-06-22 21:48:15:297450,3,happy,0.95,blink
0,2021-06-22 21:48:15:388232,3,happy,0.93,blink
0,2021-06-22 21:48:15:482944,3,happy,0.96,blink
0,2021-06-22 21:48:15:571972,3,happy,0.86,blink
0,2021-06-22 21:48:15:664233,3,happy,0.88,blink
0,2021-06-22 21:48:15:749006,3,happy,0.9,blink
0,2021-06-22 21:48:15:842754,3,happy,0.93,blink
0,2021-06-22 21:48:15:948474,3,happy,0.87,blink
0,2021-06-22 21:48:16:041225,3,happy,0.56,blink
0,2021-06-22 21:48:16:135971,3,happy,0.53,blink
0,2021-06-22 21:48:16:236700,3,happy,0.59,blink
0,2021-06-22 21:48:16:331448,3,happy,0.75,blink
0,2021-06-22 21:48:16:423215,3,happy,0.89,blink
0,2021-06-22 21:48:16:538903,3,happy,0.61,blink
0,2021-06-22 21:48:16:810212,3,happy,0.86,blink
0,2021-06-22 21:48:16:919920,3,happy,0.75,center
0,2021-06-22 21:48:17:017625,3,happy,0.84,blink
0,2021-06-22 21:48:17:111372,3,happy,0.61,blink
0,2021-06-22 21:48:17:508310,3,happy,0.79,center
0,2021-06-22 21:48:17:806512,3,happy,0.65,center
0,2021-06-22 21:48:17:908240,3,happy,0.31,center
0,2021-06-22 21:48:18:007989,3,happy,0.66,left
0,2021-06-22 21:48:18:118693,3,happy,0.72,center
0,2021-06-22 21:48:18:216940,3,happy,0.71,center
0,2021-06-22 21:48:18:319665,3,happy,0.7,blink
0,2021-06-22 21:48:18:408425,3,happy,0.7,center
0,2021-06-22 21:48:18:515140,3,happy,0.74,blink
0,2021-06-22 21:48:18:629849,3,happy,0.8,center
0,2021-06-22 21:48:18:720590,3,happy,0.71,center
0,2021-06-22 21:48:18:809352,3,happy,0.55,blink
0,2021-06-22 21:48:18:918074,3,happy,0.52,center
0,2021-06-22 21:48:19:024777,3,happy,0.79,center
0,2021-06-22 21:48:19:124511,3,happy,0.75,left
0,2021-06-22 21:48:19:208320,3,happy,0.67,blink
0,2021-06-22 21:48:19:322023,3,happy,0.67,left
0,2021-06-22 21:48:19:413565,3,happy,0.73,blink
0,2021-06-22 21:48:19:512877,3,happy,0.74,blink
0,2021-06-22 21:48:19:633553,3,happy,0.83,blink
0,2021-06-22 21:48:19:728334,3,happy,0.75,blink
0,2021-06-22 21:48:19:824046,3,happy,0.71,blink
0,2021-06-22 21:48:19:915798,3,happy,0.71,blink
0,2021-06-22 21:48:20:025505,3,happy,0.58,blink
0,2021-06-22 21:48:20:118764,3,happy,0.82,left
0,2021-06-22 21:48:20:218007,3,happy,0.8,blink
0,2021-06-22 21:48:20:309761,3,happy,0.71,blink
0,2021-06-22 21:48:20:416476,3,happy,0.7,blink
0,2021-06-22 21:48:20:531169,3,happy,0.55,blink
0,2021-06-22 21:48:20:625915,3,happy,0.61,blink
0,2021-06-22 21:48:20:717705,3,happy,0.38,blink
0,2021-06-22 21:48:20:825472,3,neutral,0.43,blink
0,2021-06-22 21:48:20:920725,3,neutral,0.43,blink
0,2021-06-22 21:48:21:036418,3,happy,0.75,blink
0,2021-06-22 21:48:21:120194,3,happy,0.65,blink
0,2021-06-22 21:48:21:228903,3,happy,0.59,blink
0,2021-06-22 21:48:21:327639,3,happy,0.73,blink
0,2021-06-22 21:48:21:422472,3,happy,0.72,blink
0,2021-06-22 21:48:21:513234,3,happy,0.68,blink
0,2021-06-22 21:48:21:624476,3,happy,0.78,blink
0,2021-06-22 21:48:21:717735,3,happy,0.85,blink
0,2021-06-22 21:48:21:819013,3,happy,0.78,blink
0,2021-06-22 21:48:21:910726,3,happy,0.77,blink
0,2021-06-22 21:48:22:021466,3,happy,0.63,blink
0,2021-06-22 21:48:22:132135,3,happy,0.56,blink
0,2021-06-22 21:48:22:222891,3,happy,0.69,blink
0,2021-06-22 21:48:22:332599,3,happy,0.75,blink
0,2021-06-22 21:48:22:433364,3,happy,0.89,blink
0,2021-06-22 21:48:22:523123,3,happy,0.84,blink
0,2021-06-22 21:48:22:609893,3,happy,0.9,blink
0,2021-06-22 21:48:22:725546,3,happy,0.92,blink
0,2021-06-22 21:48:22:822342,3,happy,0.83,blink
0,2021-06-22 21:48:22:913571,3,happy,0.93,blink
0,2021-06-22 21:48:23:009819,3,happy,0.85,blink
0,2021-06-22 21:48:23:123531,3,happy,0.75,blink
0,2021-06-22 21:48:23:218272,3,happy,0.82,blink
0,2021-06-22 21:48:23:316518,3,happy,0.74,blink
0,2021-06-22 21:48:23:404318,3,happy,0.7,blink
0,2021-06-22 21:48:23:513990,3,happy,0.91,blink
0,2021-06-22 21:48:23:614721,3,happy,0.93,blink
0,2021-06-22 21:48:23:714453,3,happy,0.93,blink
0,2021-06-22 21:48:23:806242,3,happy,0.92,blink
0,2021-06-22 21:48:23:913958,3,happy,0.82,blink
0,2021-06-22 21:48:24:014650,3,happy,0.9,blink
0,2021-06-22 21:48:24:115426,3,happy,0.89,blink
0,2021-06-22 21:48:24:204143,3,happy,0.71,blink
0,2021-06-22 21:48:24:318836,3,happy,0.87,blink
0,2021-06-22 21:48:24:416120,3,happy,0.8,blink
0,2021-06-22 21:48:24:509842,3,happy,0.78,blink
0,2021-06-22 21:48:24:606577,3,happy,0.77,blink
0,2021-06-22 21:48:24:717280,3,happy,0.77,blink
0,2021-06-22 21:48:24:818148,3,happy,0.64,blink
0,2021-06-22 21:48:24:907814,3,happy,0.65,blink
0,2021-06-22 21:48:25:005552,3,happy,0.72,blink
0,2021-06-22 21:48:25:116256,3,happy,0.67,blink
0,2021-06-22 21:48:25:233488,3,happy,0.81,blink
0,2021-06-22 21:48:25:315870,3,happy,0.76,blink
0,2021-06-22 21:48:25:421587,3,happy,0.83,blink
0,2021-06-22 21:48:25:518328,3,happy,0.87,blink
0,2021-06-22 21:48:25:613075,3,happy,0.79,blink
0,2021-06-22 21:48:25:708858,3,happy,0.84,blink
0,2021-06-22 21:48:25:827503,3,happy,0.72,blink
0,2021-06-22 21:48:25:922892,3,happy,0.7,blink
0,2021-06-22 21:48:26:021625,3,happy,0.75,left
0,2021-06-22 21:48:26:108392,3,happy,0.68,blink
0,2021-06-22 21:48:26:220141,3,happy,0.73,blink
0,2021-06-22 21:48:26:319881,3,happy,0.82,blink
0,2021-06-22 21:48:26:417970,3,happy,0.75,blink
0,2021-06-22 21:48:26:511949,3,happy,0.65,blink
0,2021-06-22 21:48:26:631134,3,happy,0.67,center
0,2021-06-22 21:48:26:719861,3,happy,0.62,blink
0,2021-06-22 21:48:26:819633,3,happy,0.88,blink
0,2021-06-22 21:48:26:912390,3,happy,0.82,blink
0,2021-06-22 21:48:27:018573,3,happy,0.78,blink
0,2021-06-22 21:48:27:119338,3,happy,0.87,blink
0,2021-06-22 21:48:27:212090,3,happy,0.8,blink
0,2021-06-22 21:48:27:309794,3,happy,0.87,blink
0,2021-06-22 21:48:27:421877,3,happy,0.88,blink
0,2021-06-22 21:48:27:513631,3,happy,0.84,blink
0,2021-06-22 21:48:27:620343,3,happy,0.8,blink
0,2021-06-22 21:48:27:707118,3,happy,0.76,blink
0,2021-06-22 21:48:27:820810,3,happy,0.9,blink
0,2021-06-22 21:48:27:919509,3,happy,0.91,blink
0,2021-06-22 21:48:28:009269,3,happy,0.91,blink
0,2021-06-22 21:48:28:124994,3,happy,0.9,blink
0,2021-06-22 21:48:28:222742,3,happy,0.74,blink
0,2021-06-22 21:48:28:324431,3,happy,0.91,blink
0,2021-06-22 21:48:28:419217,3,happy,0.93,blink
0,2021-06-22 21:48:28:523932,3,happy,0.93,blink
0,2021-06-22 21:48:28:628620,3,happy,0.73,blink
0,2021-06-22 21:48:28:721406,3,happy,0.95,blink
0,2021-06-22 21:48:28:815155,3,happy,0.95,blink
0,2021-06-22 21:48:28:926860,3,happy,0.86,blink
0,2021-06-22 21:48:29:027553,3,happy,0.94,blink
0,2021-06-22 21:48:29:117327,3,happy,0.86,blink
0,2021-06-22 21:48:29:216082,3,happy,0.96,blink
0,2021-06-22 21:48:29:318806,3,happy,0.87,blink
0,2021-06-22 21:48:29:420956,3,happy,0.85,blink
0,2021-06-22 21:48:29:520634,3,happy,0.71,center
0,2021-06-22 21:48:29:613419,3,happy,0.52,center
0,2021-06-22 21:48:29:725086,3,neutral,0.48,center
0,2021-06-22 21:48:29:818870,3,neutral,0.83,center
0,2021-06-22 21:48:29:926851,3,neutral,0.95,center
0,2021-06-22 21:48:30:014617,3,neutral,0.95,center
0,2021-06-22 21:48:30:125287,3,neutral,0.95,center
0,2021-06-22 21:48:30:227014,3,neutral,0.93,center
0,2021-06-22 21:48:30:319764,3,neutral,0.94,center
0,2021-06-22 21:48:30:417538,3,neutral,0.92,center
0,2021-06-22 21:48:30:535189,3,neutral,0.92,center
0,2021-06-22 21:48:30:619002,3,neutral,0.92,center
0,2021-06-22 21:48:30:728223,3,neutral,0.94,center
0,2021-06-22 21:48:30:821011,3,neutral,0.9,center
0,2021-06-22 21:48:30:926979,3,neutral,0.94,center
0,2021-06-22 21:48:31:028669,3,neutral,0.93,center
0,2021-06-22 21:48:31:121452,3,neutral,0.88,center
0,2021-06-22 21:48:31:227172,3,neutral,0.94,center
0,2021-06-22 21:48:31:328900,3,neutral,0.94,center
0,2021-06-22 21:48:31:423611,3,neutral,0.94,center
0,2021-06-22 21:48:31:525343,3,neutral,0.93,center
0,2021-06-22 21:48:31:626795,3,neutral,0.91,center
0,2021-06-22 21:48:31:728488,3,neutral,0.92,center
0,2021-06-22 21:48:31:831215,3,neutral,0.9,center
0,2021-06-22 21:48:31:917021,3,neutral,0.88,center
0,2021-06-22 21:48:32:029716,3,neutral,0.89,center
0,2021-06-22 21:48:32:124429,3,neutral,0.82,center
0,2021-06-22 21:48:32:222571,3,neutral,0.5,center
0,2021-06-22 21:48:32:325300,3,neutral,0.67,center
0,2021-06-22 21:48:32:434359,3,neutral,0.58,center
0,2021-06-22 21:48:32:525743,3,neutral,0.61,center
0,2021-06-22 21:48:32:622483,3,neutral,0.7,center
0,2021-06-22 21:48:32:719801,3,neutral,0.64,center
0,2021-06-22 21:48:32:828512,3,neutral,0.54,center
0,2021-06-22 21:48:32:925252,3,neutral,0.71,center
0,2021-06-22 21:48:33:023952,3,neutral,0.67,center
0,2021-06-22 21:48:33:118731,3,neutral,0.58,center
0,2021-06-22 21:48:33:229402,3,neutral,0.64,center
0,2021-06-22 21:48:33:328139,3,neutral,0.61,center
0,2021-06-22 21:48:33:428869,3,neutral,0.74,center
0,2021-06-22 21:48:33:525646,3,neutral,0.75,left
0,2021-06-22 21:48:33:635315,3,neutral,0.52,left
0,2021-06-22 21:48:33:732056,3,neutral,0.56,center
0,2021-06-22 21:48:33:825843,3,neutral,0.7,center
0,2021-06-22 21:48:33:941499,3,neutral,0.78,left
0,2021-06-22 21:48:34:033917,3,neutral,0.71,center
0,2021-06-22 21:48:34:126042,3,neutral,0.78,center
0,2021-06-22 21:48:34:224742,3,happy,0.39,center
0,2021-06-22 21:48:34:332498,3,neutral,0.5,left
0,2021-06-22 21:48:34:431230,3,happy,0.66,blink
0,2021-06-22 21:48:34:527971,3,happy,0.76,left
0,2021-06-22 21:48:34:628705,3,happy,0.74,left
0,2021-06-22 21:48:34:733427,3,happy,0.7,center
0,2021-06-22 21:48:34:834117,3,happy,0.69,center
0,2021-06-22 21:48:34:923879,3,happy,0.72,blink
0,2021-06-22 21:48:35:020658,3,happy,0.63,blink
0,2021-06-22 21:48:35:129592,3,happy,0.78,blink
0,2021-06-22 21:48:35:230333,3,happy,0.61,blink
0,2021-06-22 21:48:35:323042,3,happy,0.62,blink
0,2021-06-22 21:48:35:429795,3,happy,0.6,blink
0,2021-06-22 21:48:35:537468,3,happy,0.62,blink
0,2021-06-22 21:48:35:633212,3,happy,0.7,left
0,2021-06-22 21:48:35:728004,3,happy,0.59,blink
0,2021-06-22 21:48:35:827690,3,happy,0.63,center
0,2021-06-22 21:48:35:933953,3,happy,0.68,left
0,2021-06-22 21:48:36:034648,3,happy,0.63,left
0,2021-06-22 21:48:36:136506,3,happy,0.62,left
0,2021-06-22 21:48:36:233753,3,happy,0.64,center
0,2021-06-22 21:48:36:343458,3,happy,0.63,center
0,2021-06-22 21:48:36:434083,3,happy,0.82,left
0,2021-06-22 21:48:36:535488,3,happy,0.52,left
0,2021-06-22 21:48:36:635214,3,happy,0.57,left
0,2021-06-22 21:48:36:753913,3,happy,0.52,center
0,2021-06-22 21:48:36:859589,3,happy,0.49,center
0,2021-06-22 21:48:36:952342,3,happy,0.83,center
0,2021-06-22 21:48:37:048086,3,happy,0.82,center
0,2021-06-22 21:48:37:140838,3,happy,0.85,center
0,2021-06-22 21:48:37:241612,3,happy,0.72,center
0,2021-06-22 21:48:37:327382,3,happy,0.51,center
0,2021-06-22 21:48:37:438086,3,happy,0.52,center
0,2021-06-22 21:48:37:534861,3,happy,0.48,center
0,2021-06-22 21:48:37:629572,3,happy,0.44,center
0,2021-06-22 21:48:37:722324,3,happy,0.49,center
0,2021-06-22 21:48:37:844434,3,happy,0.6,center
0,2021-06-22 21:48:37:938149,3,happy,0.55,center
0,2021-06-22 21:48:38:035920,3,happy,0.67,center
0,2021-06-22 21:48:38:130669,3,happy,0.7,center
0,2021-06-22 21:48:38:235388,3,happy,0.77,center
0,2021-06-22 21:48:38:337116,3,happy,0.74,center
0,2021-06-22 21:48:38:439842,3,happy,0.73,center
0,2021-06-22 21:48:38:533877,3,happy,0.56,center
0,2021-06-22 21:48:38:643055,3,happy,0.78,center
0,2021-06-22 21:48:38:737833,3,happy,0.72,center
0,2021-06-22 21:48:38:829591,3,happy,0.7,center
0,2021-06-22 21:48:38:929327,3,happy,0.83,center
0,2021-06-22 21:48:39:047011,3,happy,0.78,center
0,2021-06-22 21:48:39:138006,3,happy,0.8,left
0,2021-06-22 21:48:39:231516,3,happy,0.75,left
0,2021-06-22 21:48:39:324267,3,happy,0.72,left
0,2021-06-22 21:48:39:435869,3,happy,0.79,left
0,2021-06-22 21:48:39:536148,3,happy,0.8,left
0,2021-06-22 21:48:39:631306,3,happy,0.84,left
0,2021-06-22 21:48:39:740016,3,happy,0.8,blink
0,2021-06-22 21:48:39:841722,3,happy,0.78,center
0,2021-06-22 21:48:39:942451,3,happy,0.84,blink
0,2021-06-22 21:48:40:037198,3,happy,0.86,blink
0,2021-06-22 21:48:40:143912,3,happy,0.9,center
0,2021-06-22 21:48:40:250660,3,happy,0.69,blink
0,2021-06-22 21:48:40:341383,3,happy,0.7,blink
0,2021-06-22 21:48:40:435167,3,happy,0.68,blink
0,2021-06-22 21:48:40:546247,3,happy,0.63,blink
0,2021-06-22 21:48:40:637625,3,happy,0.62,blink
0,2021-06-22 21:48:40:732374,3,happy,0.57,blink
0,2021-06-22 21:48:40:832113,3,happy,0.9,center
0,2021-06-22 21:48:40:946764,3,happy,0.86,left
0,2021-06-22 21:48:41:040513,3,happy,0.9,center
0,2021-06-22 21:48:41:143278,3,happy,0.9,center
0,2021-06-22 21:48:41:241011,3,happy,0.85,left
0,2021-06-22 21:48:41:352678,3,happy,0.81,left
0,2021-06-22 21:48:41:444432,3,happy,0.78,left
0,2021-06-22 21:48:41:537689,3,happy,0.76,center
0,2021-06-22 21:48:41:630474,3,happy,0.84,center
0,2021-06-22 21:48:41:747128,3,happy,0.73,center
0,2021-06-22 21:48:41:835929,3,happy,0.71,center
0,2021-06-22 21:48:41:936621,3,happy,0.76,center
0,2021-06-22 21:48:42:031367,3,happy,0.66,center
0,2021-06-22 21:48:42:146062,3,happy,0.83,center
0,2021-06-22 21:48:42:244831,3,happy,0.77,center
0,2021-06-22 21:48:42:338547,3,happy,0.86,center
0,2021-06-22 21:48:42:433326,3,happy,0.68,center
0,2021-06-22 21:48:42:545991,3,happy,0.69,center
0,2021-06-22 21:48:42:643764,3,happy,0.67,center
0,2021-06-22 21:48:42:738483,3,happy,0.84,center
0,2021-06-22 21:48:42:853203,3,happy,0.78,center
0,2021-06-22 21:48:42:949951,3,happy,0.69,center
0,2021-06-22 21:48:43:042662,3,happy,0.76,blink
0,2021-06-22 21:48:43:135454,3,happy,0.4,blink
0,2021-06-22 21:48:43:244162,3,happy,0.56,blink
0,2021-06-22 21:48:43:350837,3,happy,0.68,blink
0,2021-06-22 21:48:43:446581,3,happy,0.81,blink
0,2021-06-22 21:48:43:544355,3,happy,0.78,blink
0,2021-06-22 21:48:43:651068,3,happy,0.79,blink
0,2021-06-22 21:48:43:747777,3,happy,0.41,blink
0,2021-06-22 21:48:43:843520,3,happy,0.52,blink
0,2021-06-22 21:48:43:945544,3,happy,0.74,blink
0,2021-06-22 21:48:44:045273,3,happy,0.57,blink
0,2021-06-22 21:48:44:150957,3,happy,0.75,blink
0,2021-06-22 21:48:44:244705,3,happy,0.74,blink
0,2021-06-22 21:48:44:449198,4,happy,0.68,blink
0,2021-06-22 21:48:44:534014,4,happy,0.68,blink
0,2021-06-22 21:48:44:626819,4,happy,0.71,blink
0,2021-06-22 21:48:44:720511,4,happy,0.6,blink
0,2021-06-22 21:48:44:813264,4,neutral,0.52,blink
0,2021-06-22 21:48:44:909008,4,neutral,0.72,blink
0,2021-06-22 21:48:45:011903,4,neutral,0.9,blink
0,2021-06-22 21:48:45:106963,4,neutral,0.91,left
0,2021-06-22 21:48:45:194133,4,neutral,0.86,left
0,2021-06-22 21:48:45:280437,4,neutral,0.72,left
0,2021-06-22 21:48:45:373227,4,neutral,0.9,left
0,2021-06-22 21:48:45:463955,4,neutral,0.79,left
0,2021-06-22 21:48:45:559702,4,neutral,0.72,left
0,2021-06-22 21:48:45:659432,4,neutral,0.81,left
0,2021-06-22 21:48:45:752150,4,neutral,0.76,left
0,2021-06-22 21:48:45:849925,4,neutral,0.81,center
0,2021-06-22 21:48:45:957188,4,happy,0.29,
0,2021-06-22 21:48:46:058943,4,neutral,0.7,center
0,2021-06-22 21:48:46:154664,4,neutral,0.82,center
0,2021-06-22 21:48:46:252436,4,neutral,0.86,left
0,2021-06-22 21:48:46:359717,4,neutral,0.8,left
0,2021-06-22 21:48:46:454463,4,neutral,0.84,center
0,2021-06-22 21:48:46:551755,4,neutral,0.86,left
0,2021-06-22 21:48:46:647534,4,neutral,0.85,left
0,2021-06-22 21:48:46:761738,4,neutral,0.77,left
0,2021-06-22 21:48:46:859475,4,neutral,0.86,left
0,2021-06-22 21:48:46:946208,4,neutral,0.86,left
0,2021-06-22 21:48:47:037964,4,neutral,0.85,left
0,2021-06-22 21:48:47:156647,4,neutral,0.76,left
0,2021-06-22 21:48:47:249432,4,neutral,0.76,left
0,2021-06-22 21:48:47:346150,4,neutral,0.79,left
0,2021-06-22 21:48:47:444910,4,neutral,0.83,center
0,2021-06-22 21:48:47:547600,4,neutral,0.8,center
0,2021-06-22 21:48:47:646370,4,neutral,0.87,center
0,2021-06-22 21:48:47:740084,4,neutral,0.82,center
0,2021-06-22 21:48:47:838821,4,neutral,0.92,center
0,2021-06-22 21:48:47:955543,4,neutral,0.87,center
0,2021-06-22 21:48:48:046300,4,neutral,0.89,center
0,2021-06-22 21:48:48:144596,4,neutral,0.8,center
0,2021-06-22 21:48:48:243365,4,neutral,0.86,center
0,2021-06-22 21:48:48:349084,4,neutral,0.95,center
0,2021-06-22 21:48:48:447783,4,neutral,0.95,center
0,2021-06-22 21:48:48:546520,4,neutral,0.96,center
0,2021-06-22 21:48:48:650279,4,neutral,0.96,center
0,2021-06-22 21:48:48:754964,4,neutral,0.93,center
0,2021-06-22 21:48:48:848711,4,neutral,0.94,center
0,2021-06-22 21:48:48:948485,4,neutral,0.96,center
0,2021-06-22 21:48:49:058376,4,neutral,0.95,center
0,2021-06-22 21:48:49:154314,4,neutral,0.92,center
0,2021-06-22 21:48:49:242915,4,neutral,0.93,center
0,2021-06-22 21:48:49:340619,4,neutral,0.92,center
0,2021-06-22 21:48:49:455358,4,neutral,0.97,center
0,2021-06-22 21:48:49:553059,4,neutral,0.97,center
0,2021-06-22 21:48:49:646831,4,neutral,0.97,center
0,2021-06-22 21:48:49:742577,4,neutral,0.97,center
0,2021-06-22 21:48:49:851326,4,neutral,0.97,center
0,2021-06-22 21:48:49:949064,4,neutral,0.97,center
0,2021-06-22 21:48:50:046768,4,neutral,0.94,center
0,2021-06-22 21:48:50:145538,4,neutral,0.95,center
0,2021-06-22 21:48:50:258203,4,neutral,0.97,center
0,2021-06-22 21:48:50:355941,4,neutral,0.97,center
0,2021-06-22 21:48:50:445733,4,neutral,0.92,center
0,2021-06-22 21:48:50:544471,4,neutral,0.94,center
0,2021-06-22 21:48:50:656138,4,neutral,0.94,center
0,2021-06-22 21:48:50:753880,4,neutral,0.92,center
0,2021-06-22 21:48:50:852615,4,neutral,0.93,center
0,2021-06-22 21:48:50:942372,4,neutral,0.92,center
0,2021-06-22 21:48:51:058186,4,neutral,0.91,center
0,2021-06-22 21:48:51:152811,4,neutral,0.96,center
0,2021-06-22 21:48:51:250492,4,neutral,0.92,center
0,2021-06-22 21:48:51:358038,4,neutral,0.92,center
0,2021-06-22 21:48:51:452791,4,neutral,0.91,center
0,2021-06-22 21:48:51:547608,4,neutral,0.93,center
0,2021-06-22 21:48:51:643918,4,neutral,0.93,center
0,2021-06-22 21:48:51:756617,4,neutral,0.9,center
0,2021-06-22 21:48:51:862339,4,neutral,0.93,center
0,2021-06-22 21:48:51:949112,4,neutral,0.9,center
0,2021-06-22 21:48:52:046841,4,neutral,0.91,center
0,2021-06-22 21:48:52:159051,4,neutral,0.94,center
0,2021-06-22 21:48:52:254350,4,neutral,0.94,center
0,2021-06-22 21:48:52:367047,4,neutral,0.96,center
0,2021-06-22 21:48:52:451821,4,neutral,0.95,center
0,2021-06-22 21:48:52:558575,4,neutral,0.91,center
0,2021-06-22 21:48:52:659306,4,neutral,0.93,center
0,2021-06-22 21:48:52:754047,4,neutral,0.93,blink
0,2021-06-22 21:48:52:856775,4,neutral,0.96,center
0,2021-06-22 21:48:52:960461,4,neutral,0.94,center
0,2021-06-22 21:48:53:059197,4,neutral,0.97,center
0,2021-06-22 21:48:53:151947,4,neutral,0.95,center
0,2021-06-22 21:48:53:239713,4,neutral,0.95,center
0,2021-06-22 21:48:53:363417,4,neutral,0.87,center
0,2021-06-22 21:48:53:455227,4,neutral,0.82,center
0,2021-06-22 21:48:53:552016,4,neutral,0.7,center
0,2021-06-22 21:48:53:651256,4,neutral,0.44,center
0,2021-06-22 21:48:53:754018,4,happy,0.49,center
0,2021-06-22 21:48:53:849762,4,happy,0.67,left
0,2021-06-22 21:48:53:952833,4,happy,0.9,left
0,2021-06-22 21:48:54:045581,4,happy,0.94,left
0,2021-06-22 21:48:54:160275,4,happy,0.9,center
0,2021-06-22 21:48:54:259309,4,happy,0.88,blink
0,2021-06-22 21:48:54:351030,4,happy,0.81,blink
0,2021-06-22 21:48:54:464095,4,happy,0.9,blink
0,2021-06-22 21:48:54:558876,4,happy,0.88,blink
0,2021-06-22 21:48:54:655593,4,happy,0.89,blink
0,2021-06-22 21:48:54:748972,4,happy,0.59,blink
0,2021-06-22 21:48:54:861384,4,happy,0.73,blink
0,2021-06-22 21:48:54:958087,4,happy,0.8,blink
0,2021-06-22 21:48:55:054374,4,happy,0.83,blink
0,2021-06-22 21:48:55:152094,4,happy,0.75,blink
0,2021-06-22 21:48:55:260842,4,happy,0.68,blink
0,2021-06-22 21:48:55:360537,4,happy,0.61,blink
0,2021-06-22 21:48:55:456279,4,happy,0.85,left
0,2021-06-22 21:48:55:550060,4,happy,0.72,left
0,2021-06-22 21:48:55:662728,4,happy,0.73,center
0,2021-06-22 21:48:55:760467,4,happy,0.65,left
0,2021-06-22 21:48:55:854250,4,happy,0.75,center
0,2021-06-22 21:48:55:947998,4,happy,0.66,center
0,2021-06-22 21:48:56:058706,4,happy,0.56,blink
0,2021-06-22 21:48:56:163388,4,happy,0.42,
0,2021-06-22 21:48:56:254145,4,neutral,0.63,blink
0,2021-06-22 21:48:56:347895,4,neutral,0.67,center
0,2021-06-22 21:48:56:457639,4,neutral,0.6,center
0,2021-06-22 21:48:56:570808,4,neutral,0.6,center
0,2021-06-22 21:48:56:658030,4,neutral,0.63,center
0,2021-06-22 21:48:56:751821,4,neutral,0.64,center
0,2021-06-22 21:48:56:862113,4,neutral,0.67,center
0,2021-06-22 21:48:56:958854,4,neutral,0.62,center
0,2021-06-22 21:48:57:054598,4,neutral,0.72,center
0,2021-06-22 21:48:57:148345,4,happy,0.41,center
0,2021-06-22 21:48:57:261011,4,neutral,0.49,left
0,2021-06-22 21:48:57:365732,4,happy,0.56,blink
0,2021-06-22 21:48:57:456488,4,happy,0.55,left
0,2021-06-22 21:48:57:566616,4,happy,0.63,blink
0,2021-06-22 21:48:57:662944,4,happy,0.75,center
0,2021-06-22 21:48:57:757691,4,happy,0.75,blink
0,2021-06-22 21:48:57:856805,4,happy,0.75,blink
0,2021-06-22 21:48:57:968473,4,happy,0.67,blink
0,2021-06-22 21:48:58:065214,4,happy,0.82,blink
0,2021-06-22 21:48:58:162953,4,happy,0.91,blink
0,2021-06-22 21:48:58:252750,4,happy,0.92,blink
0,2021-06-22 21:48:58:366406,4,happy,0.92,blink
0,2021-06-22 21:48:58:461188,4,happy,0.86,blink
0,2021-06-22 21:48:58:557939,4,happy,0.79,blink
0,2021-06-22 21:48:58:667603,4,happy,0.8,blink
0,2021-06-22 21:48:58:774315,4,happy,0.73,blink
0,2021-06-22 21:48:58:863079,4,happy,0.8,blink
0,2021-06-22 21:48:58:958173,4,happy,0.41,blink
0,2021-06-22 21:48:59:061932,4,happy,0.34,left
0,2021-06-22 21:48:59:164664,4,happy,0.68,blink
0,2021-06-22 21:48:59:262394,4,happy,0.5,blink
0,2021-06-22 21:48:59:355148,4,happy,0.64,blink
0,2021-06-22 21:48:59:464849,4,happy,0.44,blink
0,2021-06-22 21:48:59:568575,4,neutral,0.47,blink
0,2021-06-22 21:48:59:663331,4,neutral,0.47,blink
0,2021-06-22 21:48:59:758071,4,neutral,0.43,blink
0,2021-06-22 21:48:59:853816,4,neutral,0.49,left
0,2021-06-22 21:48:59:965490,4,happy,0.51,left
0,2021-06-22 21:49:00:072194,4,happy,0.51,center
0,2021-06-22 21:49:00:169970,4,happy,0.76,blink
0,2021-06-22 21:49:00:280669,4,happy,0.58,center
0,2021-06-22 21:49:00:374418,4,happy,0.78,blink
0,2021-06-22 21:49:00:472154,4,happy,0.67,blink
0,2021-06-22 21:49:00:560922,4,happy,0.61,blink
0,2021-06-22 21:49:00:667961,4,happy,0.41,blink
0,2021-06-22 21:49:00:771211,4,happy,0.66,blink
0,2021-06-22 21:49:00:869104,4,neutral,0.44,blink
0,2021-06-22 21:49:00:965392,4,happy,0.73,blink
0,2021-06-22 21:49:01:076096,4,happy,0.46,blink
0,2021-06-22 21:49:01:170015,4,happy,0.53,blink
0,2021-06-22 21:49:01:280587,4,happy,0.61,blink
0,2021-06-22 21:49:01:373337,4,happy,0.54,blink
0,2021-06-22 21:49:01:478035,4,happy,0.51,blink
0,2021-06-22 21:49:01:579837,4,neutral,0.49,blink
0,2021-06-22 21:49:01:673555,4,happy,0.39,blink
0,2021-06-22 21:49:01:762350,4,happy,0.46,blink
0,2021-06-22 21:49:01:870067,4,happy,0.59,blink
0,2021-06-22 21:49:01:965773,4,happy,0.41,blink
0,2021-06-22 21:49:02:068911,4,happy,0.57,blink
0,2021-06-22 21:49:02:163693,4,happy,0.51,blink
0,2021-06-22 21:49:02:275357,4,happy,0.64,blink
0,2021-06-22 21:49:02:376122,4,happy,0.38,blink
0,2021-06-22 21:49:02:463433,4,neutral,0.29,blink
0,2021-06-22 21:49:02:561206,4,happy,0.58,blink
0,2021-06-22 21:49:02:670920,4,happy,0.6,blink
0,2021-06-22 21:49:02:772641,4,happy,0.55,blink
0,2021-06-22 21:49:02:875982,4,happy,0.56,blink
0,2021-06-22 21:49:02:958336,4,happy,0.65,blink
0,2021-06-22 21:49:03:074990,4,happy,0.63,blink
0,2021-06-22 21:49:03:170734,4,happy,0.77,blink
0,2021-06-22 21:49:03:266515,4,happy,0.62,blink
0,2021-06-22 21:49:03:379210,4,happy,0.74,blink
0,2021-06-22 21:49:03:473935,4,happy,0.73,blink
0,2021-06-22 21:49:03:569666,4,happy,0.69,blink
0,2021-06-22 21:49:03:667443,4,happy,0.68,blink
0,2021-06-22 21:49:03:772124,4,neutral,0.53,blink
0,2021-06-22 21:49:03:883260,4,neutral,0.54,blink
0,2021-06-22 21:49:03:964043,4,neutral,0.75,blink
0,2021-06-22 21:49:04:056797,4,neutral,0.82,blink
0,2021-06-22 21:49:04:177439,4,neutral,0.76,blink
0,2021-06-22 21:49:04:271228,4,neutral,0.73,blink
0,2021-06-22 21:49:04:381890,4,neutral,0.85,blink
0,2021-06-22 21:49:04:475639,4,neutral,0.79,blink
0,2021-06-22 21:49:04:579397,4,neutral,0.7,blink
0,2021-06-22 21:49:04:678097,4,neutral,0.35,blink
0,2021-06-22 21:49:04:784338,4,neutral,0.25,blink
0,2021-06-22 21:49:04:905036,4,neutral,0.27,blink
0,2021-06-22 21:49:04:995827,4,neutral,0.27,blink
0,2021-06-22 21:49:05:088579,4,neutral,0.32,blink
0,2021-06-22 21:49:05:174350,4,neutral,0.28,blink
0,2021-06-22 21:49:05:261116,4,neutral,0.36,blink
0,2021-06-22 21:49:05:471380,4,happy,0.33,blink
0,2021-06-22 21:49:05:567158,4,neutral,0.32,blink
0,2021-06-22 21:49:05:660910,4,happy,0.28,blink
0,2021-06-22 21:49:05:869763,4,happy,0.32,blink
0,2021-06-22 21:49:06:081067,4,happy,0.3,blink
0,2021-06-22 21:49:06:179803,4,happy,0.4,blink
0,2021-06-22 21:49:06:275601,4,happy,0.44,blink
0,2021-06-22 21:49:06:371306,4,happy,0.4,blink
0,2021-06-22 21:49:06:477024,4,happy,0.58,blink
0,2021-06-22 21:49:06:581201,4,happy,0.57,left
0,2021-06-22 21:49:06:671478,4,happy,0.52,blink
0,2021-06-22 21:49:06:770228,4,happy,0.5,blink
0,2021-06-22 21:49:06:881522,4,happy,0.34,blink
0,2021-06-22 21:49:06:974275,4,happy,0.38,blink
0,2021-06-22 21:49:07:076036,4,neutral,0.62,blink
0,2021-06-22 21:49:07:166760,4,neutral,0.8,center
0,2021-06-22 21:49:07:277464,4,neutral,0.64,center
0,2021-06-22 21:49:07:374205,4,neutral,0.8,blink
0,2021-06-22 21:49:07:474936,4,neutral,0.82,blink
0,2021-06-22 21:49:07:568684,4,neutral,0.8,blink
0,2021-06-22 21:49:07:676501,4,neutral,0.29,left
0,2021-06-22 21:49:07:777249,4,neutral,0.36,blink
0,2021-06-22 21:49:07:877951,4,neutral,0.33,center
0,2021-06-22 21:49:07:976199,4,neutral,0.4,center
0,2021-06-22 21:49:08:090891,4,neutral,0.28,blink
0,2021-06-22 21:49:08:183677,4,happy,0.3,blink
0,2021-06-22 21:49:08:271408,4,happy,0.35,blink
0,2021-06-22 21:49:08:367153,4,happy,0.36,blink
0,2021-06-22 21:49:08:473465,4,happy,0.44,center
0,2021-06-22 21:49:08:574781,4,happy,0.39,blink
0,2021-06-22 21:49:08:674549,4,happy,0.32,blink
0,2021-06-22 21:49:08:766338,4,happy,0.41,left
0,2021-06-22 21:49:08:879410,4,neutral,0.44,blink
0,2021-06-22 21:49:08:975154,4,neutral,0.33,blink
0,2021-06-22 21:49:09:071903,4,neutral,0.3,blink
0,2021-06-22 21:49:09:193451,4,sad,0.26,blink
0,2021-06-22 21:49:09:282212,4,happy,0.25,blink
0,2021-06-22 21:49:09:479342,4,happy,0.27,blink
0,2021-06-22 21:49:09:578733,4,happy,0.27,blink
0,2021-06-22 21:49:09:775247,4,happy,0.42,blink
0,2021-06-22 21:49:10:273876,4,happy,0.57,blink
0,2021-06-22 21:49:10:382551,4,happy,0.62,blink
0,2021-06-22 21:49:10:480291,4,happy,0.78,blink
0,2021-06-22 21:49:10:576033,4,happy,0.69,blink
0,2021-06-22 21:49:10:672808,4,happy,0.5,blink
0,2021-06-22 21:49:10:791491,4,happy,0.61,blink
0,2021-06-22 21:49:10:886237,4,happy,0.69,blink
0,2021-06-22 21:49:10:983976,4,happy,0.65,blink
0,2021-06-22 21:49:11:073736,4,happy,0.76,blink
0,2021-06-22 21:49:11:187634,4,happy,0.79,blink
0,2021-06-22 21:49:11:293314,4,happy,0.75,blink
0,2021-06-22 21:49:11:382078,4,happy,0.67,blink
0,2021-06-22 21:49:11:472868,4,happy,0.77,blink
0,2021-06-22 21:49:11:585919,4,happy,0.33,center
0,2021-06-22 21:49:11:677551,4,neutral,0.42,center
0,2021-06-22 21:49:11:771296,4,neutral,0.46,center
0,2021-06-22 21:49:11:889882,4,neutral,0.59,center
0,2021-06-22 21:49:11:983177,4,neutral,0.9,center
0,2021-06-22 21:49:12:080875,4,neutral,0.96,center
0,2021-06-22 21:49:12:179649,4,neutral,0.91,center
0,2021-06-22 21:49:12:288320,4,neutral,0.9,center
0,2021-06-22 21:49:12:390046,4,neutral,0.88,center
0,2021-06-22 21:49:12:480839,4,neutral,0.96,center
0,2021-06-22 21:49:12:573639,4,neutral,0.97,center
0,2021-06-22 21:49:12:682747,4,neutral,0.98,center
0,2021-06-22 21:49:12:779494,4,neutral,0.85,center
0,2021-06-22 21:49:12:892149,4,neutral,0.96,center
0,2021-06-22 21:49:12:979918,4,neutral,0.92,center
0,2021-06-22 21:49:13:091615,4,neutral,0.89,center
0,2021-06-22 21:49:13:190351,4,neutral,0.89,center
0,2021-06-22 21:49:13:280148,4,neutral,0.95,center
0,2021-06-22 21:49:13:379881,4,neutral,0.95,center
0,2021-06-22 21:49:13:488553,4,neutral,0.92,center
0,2021-06-22 21:49:13:583336,4,neutral,0.93,center
0,2021-06-22 21:49:13:676051,4,neutral,0.92,center
0,2021-06-22 21:49:13:774787,4,neutral,0.93,blink
0,2021-06-22 21:49:13:890900,4,neutral,0.96,center
0,2021-06-22 21:49:13:983614,4,neutral,0.92,center
0,2021-06-22 21:49:14:081376,4,neutral,0.93,center
0,2021-06-22 21:49:14:176098,4,neutral,0.92,blink
0,2021-06-22 21:49:14:286836,4,neutral,0.89,blink
0,2021-06-22 21:49:14:386536,4,neutral,0.91,blink
0,2021-06-22 21:49:14:483277,4,neutral,0.92,blink
0,2021-06-22 21:49:14:572072,4,neutral,0.91,blink
0,2021-06-22 21:49:14:689821,4,neutral,0.91,blink
0,2021-06-22 21:49:14:783489,4,neutral,0.91,blink
0,2021-06-22 21:49:14:876806,4,neutral,0.89,blink
0,2021-06-22 21:49:15:001473,4,neutral,0.84,blink
0,2021-06-22 21:49:15:199907,5,neutral,0.88,blink
0,2021-06-22 21:49:15:289667,5,neutral,0.91,blink
0,2021-06-22 21:49:15:376435,5,neutral,0.83,blink
0,2021-06-22 21:49:15:464200,5,neutral,0.9,blink
0,2021-06-22 21:49:15:550967,5,neutral,0.92,blink
0,2021-06-22 21:49:15:643718,5,neutral,0.91,blink
0,2021-06-22 21:49:15:734479,5,neutral,0.9,blink
0,2021-06-22 21:49:15:832216,5,neutral,0.92,blink
0,2021-06-22 21:49:15:928958,5,neutral,0.95,blink
0,2021-06-22 21:49:16:021708,5,neutral,0.96,blink
0,2021-06-22 21:49:16:111471,5,neutral,0.93,blink
0,2021-06-22 21:49:16:201229,5,neutral,0.92,blink
0,2021-06-22 21:49:16:298969,5,neutral,0.91,center
0,2021-06-22 21:49:16:400695,5,neutral,0.85,center
0,2021-06-22 21:49:16:497436,5,neutral,0.6,center
0,2021-06-22 21:49:16:604661,5,neutral,0.42,center
0,2021-06-22 21:49:16:699917,5,fear,0.4,center
0,2021-06-22 21:49:16:795309,5,fear,0.4,center
0,2021-06-22 21:49:16:895550,5,fear,0.43,center
0,2021-06-22 21:49:16:999271,5,fear,0.43,center
0,2021-06-22 21:49:17:108976,5,fear,0.41,center
0,2021-06-22 21:49:17:200732,5,fear,0.47,center
0,2021-06-22 21:49:17:295480,5,fear,0.59,left
0,2021-06-22 21:49:17:399201,5,fear,0.6,left
0,2021-06-22 21:49:17:501951,5,fear,0.6,left
0,2021-06-22 21:49:17:592253,5,fear,0.65,left
0,2021-06-22 21:49:17:703919,5,fear,0.61,left
0,2021-06-22 21:49:17:790907,5,fear,0.6,left
0,2021-06-22 21:49:17:895191,5,fear,0.48,left
0,2021-06-22 21:49:17:985982,5,fear,0.35,center
0,2021-06-22 21:49:18:096784,5,fear,0.43,center
0,2021-06-22 21:49:18:192095,5,neutral,0.79,center
0,2021-06-22 21:49:18:290811,5,neutral,0.8,center
0,2021-06-22 21:49:18:385555,5,neutral,0.79,center
0,2021-06-22 21:49:18:507235,5,neutral,0.78,
0,2021-06-22 21:49:18:597952,5,neutral,0.85,left
0,2021-06-22 21:49:18:702671,5,neutral,0.87,left
0,2021-06-22 21:49:18:784487,5,neutral,0.9,left
0,2021-06-22 21:49:18:897151,5,neutral,0.88,left
0,2021-06-22 21:49:18:989941,5,neutral,0.89,left
0,2021-06-22 21:49:19:092663,5,neutral,0.9,left
0,2021-06-22 21:49:19:181391,5,neutral,0.87,center
0,2021-06-22 21:49:19:294091,5,neutral,0.87,center
0,2021-06-22 21:49:19:397867,5,neutral,0.86,center
0,2021-06-22 21:49:19:489622,5,neutral,0.85,center
0,2021-06-22 21:49:19:586400,5,neutral,0.85,center
0,2021-06-22 21:49:19:696108,5,neutral,0.88,center
0,2021-06-22 21:49:19:788085,5,neutral,0.89,left
0,2021-06-22 21:49:19:890810,5,neutral,0.91,left
0,2021-06-22 21:49:19:984597,5,neutral,0.94,left
0,2021-06-22 21:49:20:095264,5,neutral,0.94,left
0,2021-06-22 21:49:20:195995,5,neutral,0.92,left
0,2021-06-22 21:49:20:286750,5,neutral,0.92,left
0,2021-06-22 21:49:20:384524,5,neutral,0.91,left
0,2021-06-22 21:49:20:491238,5,neutral,0.95,left
0,2021-06-22 21:49:20:595923,5,neutral,0.96,left
0,2021-06-22 21:49:20:684721,5,neutral,0.91,left
0,2021-06-22 21:49:20:799591,5,neutral,0.95,left
0,2021-06-22 21:49:20:897912,5,neutral,0.9,left
0,2021-06-22 21:49:20:993077,5,neutral,0.89,left
0,2021-06-22 21:49:21:086862,5,neutral,0.88,left
0,2021-06-22 21:49:21:197567,5,neutral,0.91,left
0,2021-06-22 21:49:21:303247,5,neutral,0.94,left
0,2021-06-22 21:49:21:391045,5,neutral,0.96,left
0,2021-06-22 21:49:21:488788,5,neutral,0.94,left
0,2021-06-22 21:49:21:596057,5,neutral,0.97,left
0,2021-06-22 21:49:21:692766,5,neutral,0.96,center
0,2021-06-22 21:49:21:797486,5,neutral,0.94,blink
0,2021-06-22 21:49:21:891268,5,neutral,0.91,blink
0,2021-06-22 21:49:21:999944,5,neutral,0.94,
0,2021-06-22 21:49:22:096722,5,neutral,0.89,
0,2021-06-22 21:49:22:188470,5,neutral,0.93,center
0,2021-06-22 21:49:22:293161,5,neutral,0.94,center
0,2021-06-22 21:49:22:400248,5,neutral,0.93,center
0,2021-06-22 21:49:22:501521,5,neutral,0.91,center
0,2021-06-22 21:49:22:607244,5,neutral,0.92,center
0,2021-06-22 21:49:22:697960,5,neutral,0.93,left
0,2021-06-22 21:49:22:805676,5,neutral,0.86,left
0,2021-06-22 21:49:22:908077,5,neutral,0.71,center
0,2021-06-22 21:49:22:995881,5,neutral,0.6,center
0,2021-06-22 21:49:23:091631,5,neutral,0.56,center
0,2021-06-22 21:49:23:205316,5,neutral,0.6,center
0,2021-06-22 21:49:23:301639,5,neutral,0.47,center
0,2021-06-22 21:49:23:394598,5,neutral,0.54,center
0,2021-06-22 21:49:23:503832,5,neutral,0.46,center
0,2021-06-22 21:49:23:603564,5,neutral,0.6,blink
0,2021-06-22 21:49:23:692327,5,neutral,0.42,center
0,2021-06-22 21:49:23:790099,5,fear,0.3,center
0,2021-06-22 21:49:23:903796,5,fear,0.39,center
0,2021-06-22 21:49:24:001858,5,fear,0.33,center
0,2021-06-22 21:49:24:096603,5,fear,0.34,center
0,2021-06-22 21:49:24:196371,5,fear,0.37,center
0,2021-06-22 21:49:24:303088,5,fear,0.33,center
0,2021-06-22 21:49:24:399792,5,surprise,0.27,center
0,2021-06-22 21:49:24:502517,5,surprise,0.29,center
0,2021-06-22 21:49:24:590320,5,surprise,0.36,center
0,2021-06-22 21:49:24:699025,5,fear,0.33,center
0,2021-06-22 21:49:24:799251,5,neutral,0.35,center
0,2021-06-22 21:49:24:903176,5,surprise,0.29,center
0,2021-06-22 21:49:24:994897,5,neutral,0.32,center
0,2021-06-22 21:49:25:100979,5,neutral,0.57,center
0,2021-06-22 21:49:25:195724,5,fear,0.36,center
0,2021-06-22 21:49:25:293471,5,neutral,0.39,center
0,2021-06-22 21:49:25:399209,5,fear,0.4,center
0,2021-06-22 21:49:25:507920,5,fear,0.41,center
0,2021-06-22 21:49:25:599674,5,fear,0.36,center
0,2021-06-22 21:49:25:695418,5,fear,0.32,center
0,2021-06-22 21:49:25:793194,5,neutral,0.35,center
0,2021-06-22 21:49:25:898913,5,neutral,0.34,center
0,2021-06-22 21:49:26:001692,5,neutral,0.63,blink
0,2021-06-22 21:49:26:098340,5,neutral,0.5,blink
0,2021-06-22 21:49:26:198301,5,fear,0.32,blink
0,2021-06-22 21:49:26:300985,5,neutral,0.34,left
0,2021-06-22 21:49:26:402712,5,neutral,0.62,center
0,2021-06-22 21:49:26:504478,5,neutral,0.53,
0,2021-06-22 21:49:26:600727,5,neutral,0.45,center
0,2021-06-22 21:49:26:706444,5,neutral,0.39,left
0,2021-06-22 21:49:26:802188,5,neutral,0.54,center
0,2021-06-22 21:49:26:893980,5,neutral,0.67,
0,2021-06-22 21:49:27:010633,5,neutral,0.77,blink
0,2021-06-22 21:49:27:103419,5,neutral,0.53,left
0,2021-06-22 21:49:27:202118,5,neutral,0.64,left
0,2021-06-22 21:49:27:299857,5,neutral,0.76,blink
0,2021-06-22 21:49:27:406605,5,neutral,0.77,left
0,2021-06-22 21:49:27:511243,5,neutral,0.74,left
0,2021-06-22 21:49:27:603996,5,neutral,0.82,center
0,2021-06-22 21:49:27:699819,5,neutral,0.85,left
0,2021-06-22 21:49:27:807496,5,neutral,0.8,blink
0,2021-06-22 21:49:27:903274,5,neutral,0.79,center
0,2021-06-22 21:49:28:003971,5,neutral,0.82,center
0,2021-06-22 21:49:28:092297,5,neutral,0.67,
0,2021-06-22 21:49:28:202009,5,neutral,0.82,blink
0,2021-06-22 21:49:28:300750,5,neutral,0.9,left
0,2021-06-22 21:49:28:398484,5,neutral,0.83,left
0,2021-06-22 21:49:28:490714,5,neutral,0.83,center
0,2021-06-22 21:49:28:607400,5,neutral,0.85,left
0,2021-06-22 21:49:28:704176,5,neutral,0.83,left
0,2021-06-22 21:49:28:804872,5,neutral,0.89,left
0,2021-06-22 21:49:28:894669,5,neutral,0.79,left
0,2021-06-22 21:49:29:002378,5,neutral,0.8,left
0,2021-06-22 21:49:29:106067,5,neutral,0.89,left
0,2021-06-22 21:49:29:197404,5,neutral,0.84,left
0,2021-06-22 21:49:29:310136,5,neutral,0.88,left
0,2021-06-22 21:49:29:408838,5,neutral,0.85,left
0,2021-06-22 21:49:29:504165,5,neutral,0.74,blink
0,2021-06-22 21:49:29:603897,5,neutral,0.73,blink
0,2021-06-22 21:49:29:711610,5,neutral,0.61,blink
0,2021-06-22 21:49:29:810345,5,neutral,0.54,blink
0,2021-06-22 21:49:29:906127,5,neutral,0.57,blink
0,2021-06-22 21:49:29:996921,5,neutral,0.5,blink
0,2021-06-22 21:49:30:109613,5,angry,0.36,blink
0,2021-06-22 21:49:30:204941,5,neutral,0.52,blink
0,2021-06-22 21:49:30:306083,5,neutral,0.68,blink
0,2021-06-22 21:49:30:410358,5,neutral,0.69,blink
0,2021-06-22 21:49:30:504139,5,neutral,0.6,blink
0,2021-06-22 21:49:30:607907,5,neutral,0.62,blink
0,2021-06-22 21:49:30:699658,5,neutral,0.55,blink
0,2021-06-22 21:49:30:803380,5,neutral,0.57,blink
0,2021-06-22 21:49:30:918040,5,neutral,0.5,blink
0,2021-06-22 21:49:31:011788,5,neutral,0.45,blink
0,2021-06-22 21:49:31:107535,5,neutral,0.45,blink
0,2021-06-22 21:49:31:207302,5,sad,0.33,blink
0,2021-06-22 21:49:31:304047,5,angry,0.31,blink
0,2021-06-22 21:49:31:406739,5,neutral,0.36,blink
0,2021-06-22 21:49:31:498490,5,neutral,0.42,blink
0,2021-06-22 21:49:31:603030,5,neutral,0.63,blink
0,2021-06-22 21:49:31:710762,5,neutral,0.58,blink
0,2021-06-22 21:49:31:806449,5,neutral,0.48,center
0,2021-06-22 21:49:31:907179,5,neutral,0.47,blink
0,2021-06-22 21:49:31:997936,5,neutral,0.47,blink
0,2021-06-22 21:49:32:118613,5,neutral,0.47,blink
0,2021-06-22 21:49:32:208372,5,neutral,0.47,blink
0,2021-06-22 21:49:32:298570,5,neutral,0.35,blink
0,2021-06-22 21:49:32:413483,5,neutral,0.37,blink
0,2021-06-22 21:49:32:510228,5,angry,0.33,blink
0,2021-06-22 21:49:32:609924,5,neutral,0.49,blink
0,2021-06-22 21:49:32:702709,5,neutral,0.42,left
0,2021-06-22 21:49:32:816372,5,neutral,0.53,left
0,2021-06-22 21:49:32:908159,5,neutral,0.68,left
0,2021-06-22 21:49:33:009854,5,neutral,0.6,blink
0,2021-06-22 21:49:33:099613,5,neutral,0.65,left
0,2021-06-22 21:49:33:212721,5,neutral,0.67,blink
0,2021-06-22 21:49:33:310425,5,neutral,0.75,blink
0,2021-06-22 21:49:33:408164,5,neutral,0.66,blink
0,2021-06-22 21:49:33:504940,5,neutral,0.67,blink
0,2021-06-22 21:49:33:613649,5,neutral,0.61,blink
0,2021-06-22 21:49:33:715343,5,neutral,0.84,blink
0,2021-06-22 21:49:33:809817,5,neutral,0.84,blink
0,2021-06-22 21:49:33:898897,5,neutral,0.85,blink
0,2021-06-22 21:49:34:012587,5,neutral,0.74,blink
0,2021-06-22 21:49:34:111317,5,neutral,0.48,blink
0,2021-06-22 21:49:34:205033,5,neutral,0.55,blink
0,2021-06-22 21:49:34:316773,5,neutral,0.73,blink
0,2021-06-22 21:49:34:412511,5,neutral,0.47,blink
0,2021-06-22 21:49:34:516200,5,neutral,0.72,blink
0,2021-06-22 21:49:34:604003,5,neutral,0.54,blink
0,2021-06-22 21:49:34:707726,5,neutral,0.77,blink
0,2021-06-22 21:49:34:817395,5,neutral,0.83,blink
0,2021-06-22 21:49:34:912143,5,neutral,0.81,blink
0,2021-06-22 21:49:35:005890,5,neutral,0.8,blink
0,2021-06-22 21:49:35:118625,5,neutral,0.62,blink
0,2021-06-22 21:49:35:213368,5,neutral,0.77,blink
0,2021-06-22 21:49:35:307118,5,neutral,0.6,blink
0,2021-06-22 21:49:35:407852,5,neutral,0.54,blink
0,2021-06-22 21:49:35:517555,5,neutral,0.57,blink
0,2021-06-22 21:49:35:616662,5,neutral,0.64,left
0,2021-06-22 21:49:35:715396,5,neutral,0.66,center
0,2021-06-22 21:49:35:806557,5,neutral,0.73,blink
0,2021-06-22 21:49:35:923206,5,neutral,0.83,blink
0,2021-06-22 21:49:36:017954,5,neutral,0.57,left
0,2021-06-22 21:49:36:109153,5,neutral,0.84,left
0,2021-06-22 21:49:36:205879,5,neutral,0.74,left
0,2021-06-22 21:49:36:318589,5,neutral,0.69,blink
0,2021-06-22 21:49:36:412338,5,neutral,0.86,center
0,2021-06-22 21:49:36:506090,5,neutral,0.9,left
0,2021-06-22 21:49:36:613679,5,neutral,0.85,center
0,2021-06-22 21:49:36:717744,5,neutral,0.81,left
0,2021-06-22 21:49:36:811497,5,neutral,0.88,left
0,2021-06-22 21:49:36:913569,5,neutral,0.84,left
0,2021-06-22 21:49:37:023275,5,neutral,0.77,left
0,2021-06-22 21:49:37:127995,5,neutral,0.88,left
0,2021-06-22 21:49:37:238208,5,neutral,0.82,blink
0,2021-06-22 21:49:37:320491,5,neutral,0.86,blink
0,2021-06-22 21:49:37:413278,5,neutral,0.86,left
0,2021-06-22 21:49:37:519322,5,neutral,0.66,blink
0,2021-06-22 21:49:37:616074,5,neutral,0.7,blink
0,2021-06-22 21:49:37:708825,5,neutral,0.56,blink
0,2021-06-22 21:49:37:805551,5,neutral,0.44,blink
0,2021-06-22 21:49:37:918269,5,angry,0.32,blink
0,2021-06-22 21:49:38:017001,5,angry,0.36,blink
0,2021-06-22 21:49:38:106728,5,neutral,0.45,blink
0,2021-06-22 21:49:38:226407,5,angry,0.3,blink
0,2021-06-22 21:49:38:327176,5,angry,0.35,blink
0,2021-06-22 21:49:38:421326,5,angry,0.37,blink
0,2021-06-22 21:49:38:508085,5,angry,0.52,blink
0,2021-06-22 21:49:38:627149,5,angry,0.56,blink
0,2021-06-22 21:49:38:715911,5,angry,0.53,blink
0,2021-06-22 21:49:38:814641,5,angry,0.55,blink
0,2021-06-22 21:49:38:909422,5,angry,0.48,blink
0,2021-06-22 21:49:39:025079,5,neutral,0.52,blink
0,2021-06-22 21:49:39:118861,5,neutral,0.58,blink
0,2021-06-22 21:49:39:218560,5,neutral,0.76,blink
0,2021-06-22 21:49:39:309352,5,neutral,0.78,blink
0,2021-06-22 21:49:39:435015,5,neutral,0.86,blink
0,2021-06-22 21:49:39:516797,5,neutral,0.88,blink
0,2021-06-22 21:49:39:611543,5,neutral,0.79,blink
0,2021-06-22 21:49:39:707286,5,neutral,0.72,blink
0,2021-06-22 21:49:39:822982,5,neutral,0.77,blink
0,2021-06-22 21:49:39:912734,5,neutral,0.7,blink
0,2021-06-22 21:49:40:012436,5,neutral,0.72,blink
0,2021-06-22 21:49:40:108180,5,neutral,0.67,blink
0,2021-06-22 21:49:40:217924,5,neutral,0.76,blink
0,2021-06-22 21:49:40:325219,5,neutral,0.51,blink
0,2021-06-22 21:49:40:411988,5,neutral,0.7,blink
0,2021-06-22 21:49:40:508773,5,neutral,0.63,blink
0,2021-06-22 21:49:40:625603,5,neutral,0.65,blink
0,2021-06-22 21:49:40:717359,5,neutral,0.71,blink
0,2021-06-22 21:49:40:813261,5,neutral,0.72,blink
0,2021-06-22 21:49:40:921970,5,neutral,0.78,blink
0,2021-06-22 21:49:41:032674,5,neutral,0.86,blink
0,2021-06-22 21:49:41:125392,5,neutral,0.89,left
0,2021-06-22 21:49:41:216349,5,neutral,0.82,blink
0,2021-06-22 21:49:41:329043,5,neutral,0.91,blink
0,2021-06-22 21:49:41:430739,5,neutral,0.83,blink
0,2021-06-22 21:49:41:522492,5,neutral,0.82,blink
0,2021-06-22 21:49:41:620432,5,neutral,0.69,left
0,2021-06-22 21:49:41:728100,5,neutral,0.79,blink
0,2021-06-22 21:49:41:819856,5,neutral,0.85,left
0,2021-06-22 21:49:41:923578,5,neutral,0.68,blink
0,2021-06-22 21:49:42:012377,5,neutral,0.79,blink
0,2021-06-22 21:49:42:125079,5,neutral,0.8,blink
0,2021-06-22 21:49:42:220817,5,neutral,0.69,blink
0,2021-06-22 21:49:42:321513,5,neutral,0.79,blink
0,2021-06-22 21:49:42:419251,5,neutral,0.94,blink
0,2021-06-22 21:49:42:526725,5,neutral,0.84,blink
0,2021-06-22 21:49:42:627395,5,neutral,0.75,blink
0,2021-06-22 21:49:42:719151,5,neutral,0.82,blink
0,2021-06-22 21:49:42:810938,5,neutral,0.78,blink
0,2021-06-22 21:49:42:930998,5,neutral,0.81,blink
0,2021-06-22 21:49:43:021762,5,neutral,0.41,blink
0,2021-06-22 21:49:43:127476,5,happy,0.3,blink
0,2021-06-22 21:49:43:220195,5,happy,0.34,blink
0,2021-06-22 21:49:43:327904,5,happy,0.34,blink
0,2021-06-22 21:49:43:424646,5,happy,0.44,blink
0,2021-06-22 21:49:43:518430,5,happy,0.43,blink
0,2021-06-22 21:49:43:615169,5,happy,0.4,left
0,2021-06-22 21:49:43:728253,5,happy,0.27,left
0,2021-06-22 21:49:43:919747,5,happy,0.42,left
0,2021-06-22 21:49:44:223729,5,fear,0.28,blink
0,2021-06-22 21:49:44:318477,5,fear,0.3,blink
0,2021-06-22 21:49:44:429214,5,fear,0.47,blink
0,2021-06-22 21:49:44:526953,5,happy,0.46,blink
0,2021-06-22 21:49:44:620705,5,happy,0.31,left
0,2021-06-22 21:49:44:723427,5,fear,0.31,blink
0,2021-06-22 21:49:44:832104,5,sad,0.28,blink
0,2021-06-22 21:49:44:927846,5,happy,0.29,left
0,2021-06-22 21:49:45:027613,5,angry,0.4,blink
0,2021-06-22 21:49:45:123324,5,happy,0.4,blink
0,2021-06-22 21:49:45:241368,5,neutral,0.49,blink
0,2021-06-22 21:49:45:333160,5,neutral,0.59,blink
0,2021-06-22 21:49:45:430902,5,neutral,0.61,blink
0,2021-06-22 21:49:45:522650,5,neutral,0.83,blink
0,2021-06-22 21:49:45:637344,5,neutral,0.68,blink
0,2021-06-22 21:49:46:039900,5,neutral,0.85,blink
0,2021-06-22 21:49:46:127700,5,neutral,0.82,blink
0,2021-06-22 21:49:46:220454,5,neutral,0.82,blink
0,2021-06-22 21:49:46:323175,5,neutral,0.83,blink
0,2021-06-22 21:49:46:429518,5,neutral,0.79,blink
0,2021-06-22 21:49:46:529885,5,neutral,0.74,left
0,2021-06-22 21:49:46:622649,5,neutral,0.82,left
0,2021-06-22 21:49:46:854994,5,neutral,0.93,blink
0,2021-06-22 21:49:47:014790,5,neutral,0.91,blink
